Admit ID,RFP % Present,RFP Last Status,RFP Last Internal Rating,RFP Last TRACK Score,RFP Tech Ability,RFP Learnability,Last Graduation,RFP Communicability,RFP Avg TRACK Score,TechCategory,Trial Avg TRACK Score,Trial Communicability Score,Trial Last Internal Rating,Trial Learnability Score,Trial Techability Score,Trial % Present,Year,Practice Head
CIC012021-8041,76.0,2,3,3.32,1.68,1.72,4,0.86,4.26,2,3.69,0.59,0,1.475,1.625,100.0,2019.0,4
CIC012021-8044,89.0,0,2,3.6,1.22,1.51,3,0.67,3.4,0,3.23,0.62,3,1.05,1.56,100.0,2020.0,1
CIC012021-8052,79.0,0,3,4.4,1.74,1.75,3,0.93,4.42,2,4.46,0.94,3,1.79,1.73,84.62,2020.0,4
CIC012021-8056,97.0,1,2,3.32,1.21,1.29,3,0.74,3.24,1,3.98,1.0,2,1.58,1.4,92.31,2020.0,1
CIC012021-8066,76.0,0,3,4.28,1.59,1.66,3,0.88,4.13,0,3.92,1.0,2,1.52,1.4,84.62,2020.0,4
CIC012021-8078,74.0,2,3,3.32,1.59,1.82,4,0.92,4.33,2,4.91,1.0,0,1.97,1.94,100.0,2018.0,1
CIC012021-8083,63.0,0,3,3.32,1.49,1.54,4,0.79,3.81,3,2.38,0.56,2,0.875,0.945,78.57,2020.0,1
CIC012021-8086,94.0,0,2,3.91,1.43,1.61,5,0.72,3.76,3,4.4975,0.85,3,1.91,1.7375,100.0,2018.0,0
CIC012021-8087,92.0,2,2,4.28,1.65,1.69,5,0.85,4.2,0,4.5275,0.88,3,1.91,1.7375,100.0,2020.0,0
CIC012021-8089,87.0,1,2,3.58,1.24,1.55,4,0.69,3.48,3,3.6975,0.82,2,1.6,1.2775,72.22,2020.0,0
CIC012021-8090,90.0,2,3,4.28,1.6,1.76,5,0.85,4.22,0,4.6025,0.91,3,1.88,1.8125,100.0,2020.0,0
CIC012021-8091,90.0,0,2,3.67,1.27,1.49,3,0.69,3.45,2,3.9825,0.82,2,1.545,1.6175,94.44,2018.0,0
CIC012021-8093,92.0,0,2,3.94,1.57,1.55,4,0.74,3.85,2,1.925,0.455,2,0.77,0.7,77.78,2019.0,2
CIC012021-8094,81.0,1,2,3.21,1.28,1.37,3,0.59,3.23,1,2.48875,0.59,2,1.085,0.81375,83.33,2019.0,0
CIC012021-8095,25.0,1,4,1.75,0.7,0.7,4,0.35,1.75,1,2.865,0.625,4,1.05,1.19,100.0,2020.0,4
CIC012021-8099,94.0,1,2,3.4,1.25,1.47,3,0.77,3.5,3,3.44,0.82,2,1.325,1.295,100.0,2019.0,0
CIC012021-8100,81.0,2,2,4.4,1.6,1.55,4,0.78,3.93,1,4.06875,0.88,3,1.7,1.48875,100.0,2018.0,0
CIC012021-8103,88.0,2,3,4.28,1.64,1.67,4,0.94,4.26,2,4.52,0.97,3,1.85,1.7,100.0,2018.0,0
CIC012021-8106,90.0,0,2,3.86,1.56,1.58,4,0.82,3.96,2,3.7775,0.79,2,1.55,1.4375,92.86,2019.0,0
CIC012021-8111,90.0,2,2,4.22,1.58,1.76,4,0.76,4.1,2,4.0925,0.82,3,1.73,1.5425,100.0,2019.0,0
CIC012021-8112,98.0,0,3,3.72,1.2,1.27,4,0.8,3.26,1,3.81,0.79,2,1.545,1.475,92.86,2020.0,4
CIC012021-8116,100.0,2,3,4.61,1.8,1.77,3,0.89,4.46,2,4.58,0.94,3,1.76,1.88,100.0,2019.0,2
CIC012021-8118,81.0,2,2,4.16,1.58,1.46,3,0.77,3.81,3,2.555,0.63,2,0.98,0.945,88.89,2020.0,0
CIC012021-8121,100.0,0,2,3.94,1.65,1.63,3,0.78,4.06,2,4.385,0.88,3,1.7,1.805,94.44,2019.0,2
CIC012021-8126,91.0,1,4,2.51,0.92,1.16,3,0.67,2.75,1,2.6075,0.56,2,1.19,0.8575,88.89,2021.0,4
CIC012021-8153,83.0,0,2,3.88,1.59,1.53,3,0.74,3.85,0,3.7,0.76,0,1.25,1.69,92.86,2019.0,2
CIC012021-8154,85.0,1,2,3.0,1.05,1.28,3,0.67,3.0,3,3.13,0.82,2,1.19,1.12,71.43,2016.0,0
CIC012021-8155,100.0,0,3,4.12,1.61,1.61,5,0.82,4.04,2,4.46,0.88,0,1.64,1.94,92.86,2019.0,2
CIC012021-8157,90.0,0,3,4.06,1.65,1.57,6,0.78,4.0,2,3.5,0.49,3,1.52,1.49,100.0,2018.0,2
CIC012021-8160,78.0,1,4,2.52,0.85,1.21,4,0.63,2.69,1,3.63,0.56,0,1.25,1.82,100.0,2019.0,4
CIC012022-10699,87.0,1,2,3.13,1.38,1.45,3,0.84,3.67,0,3.74,0.7,3,1.55,1.49,86.67,2017.0,4
CIC012022-10701,88.0,0,0,3.89,1.31,1.51,4,0.96,3.78,2,4.69,1.0,3,1.84,1.85,100.0,2020.0,4
CIC012022-10703,98.0,0,2,3.78,1.34,1.49,4,0.75,3.58,2,4.34,0.97,3,1.82,1.55,100.0,2018.0,4
CIC012022-10704,91.0,0,2,3.77,1.28,1.53,3,0.79,3.61,0,3.98,0.85,3,1.64,1.49,93.33,2018.0,4
CIC012022-10707,86.0,1,2,3.58,1.39,1.55,8,0.77,3.71,0,3.575,0.85,2,1.64,1.085,100.0,2021.0,4
CIC012022-10708,98.0,0,3,3.76,1.43,1.48,4,0.77,3.68,2,3.4725,0.7725,2,1.47,1.23,100.0,2021.0,3
CIC012022-10709,100.0,0,3,3.88,1.56,1.54,4,0.78,3.88,2,3.3425,0.7075,2,1.435,1.2,100.0,2021.0,3
CIC012022-10710,95.0,0,3,3.62,1.43,1.44,4,0.72,3.59,2,3.4125,0.77,2,1.445,1.1975,100.0,2020.0,3
CIC012022-10729,100.0,0,3,4.22,1.58,1.75,4,0.86,4.19,2,4.88,1.0,0,2.0,1.88,100.0,2016.0,4
CIC012022-10735,87.0,0,3,4.2,1.4,1.64,3,0.84,3.88,0,4.37,0.94,3,1.88,1.55,100.0,2020.0,3
CIC012022-10738,83.0,0,2,3.55,1.24,1.32,4,0.76,3.32,0,4.79,1.0,3,1.94,1.85,100.0,2017.0,0
CIC012022-10740,99.0,0,3,4.15,1.58,1.58,3,0.94,4.1,0,3.71,0.7,2,1.52,1.49,71.43,2015.0,0
CIC012022-10743,71.0,0,2,3.32,1.34,1.49,4,0.81,3.64,0,4.2475,0.835,3,1.57,1.8425,87.5,2020.0,2
CIC012022-10745,100.0,0,2,3.99,1.61,1.54,4,0.78,3.93,2,4.16,0.82,3,1.85,1.49,100.0,2020.0,3
CIC012022-10747,72.0,0,2,3.86,1.45,1.56,4,0.81,3.81,2,4.55,0.88,3,1.91,1.76,100.0,2018.0,3
CIC012022-10750,81.0,0,2,3.92,1.31,1.63,3,0.68,3.61,0,4.28,0.91,3,1.76,1.61,93.33,2021.0,3
CIC012022-10751,92.0,0,2,4.06,1.42,1.45,4,0.61,3.48,3,3.53,0.7,2,1.43,1.4,100.0,2020.0,3
CIC012022-10757,93.0,0,3,4.16,1.54,1.56,3,0.84,3.94,2,4.6825,1.0,3,1.81,1.8725,100.0,2018.0,4
CIC012022-10758,94.0,0,2,3.98,1.34,1.65,4,0.98,3.97,2,4.14,0.91,0,1.7,1.53,93.75,2015.0,4
CIC012022-10782,93.0,2,3,3.32,1.6,1.68,4,0.85,4.12,2,3.87,0.82,3,1.54,1.51,100.0,2017.0,3
CIC012022-10786,93.0,0,2,3.74,1.29,1.44,4,0.8,3.52,0,3.29,0.66,2,1.41,1.22,100.0,2019.0,2
CIC012022-10790,96.0,0,3,4.27,1.46,1.56,4,0.77,3.79,2,4.75,1.0,0,1.81,1.94,100.0,2021.0,4
CIC012022-10791,96.0,2,0,4.64,1.66,1.91,3,1.0,4.57,2,4.57,0.97,0,1.72,1.88,100.0,2020.0,2
CIC012022-10793,98.0,0,2,3.85,1.57,1.25,5,0.63,3.45,0,3.5775,0.925,2,1.58,1.0725,100.0,2021.0,2
CIC012022-10798,83.0,0,0,4.58,1.65,1.59,4,0.85,4.09,0,4.08,0.94,3,1.7,1.44,100.0,2017.0,4
CIC012022-10803,88.0,0,3,3.98,1.44,1.52,3,0.94,3.9,2,3.376666667,0.7,2,1.416666667,1.26,100.0,2018.0,4
CIC012022-10804,93.0,0,2,3.84,1.33,1.48,3,0.77,3.57,0,3.95,0.82,3,1.58,1.55,100.0,2018.0,4
CIC012022-10809,55.0,0,3,3.32,1.51,1.6,4,0.79,3.91,2,4.775,1.0,3,1.87,1.905,100.0,2021.0,3
CIC012022-10817,82.0,0,3,3.32,1.42,1.53,4,0.88,3.83,0,3.215,0.625,3,1.245,1.345,60.0,2021.0,4
CIC012022-10823,98.0,0,2,3.74,1.47,1.48,4,0.69,3.64,2,4.84,1.0,0,1.87,1.97,92.86,2021.0,3
CIC012022-10826,84.0,0,2,3.84,1.39,1.47,4,0.7,3.56,0,3.85,0.82,3,1.51,1.52,100.0,2020.0,4
CIC012022-10829,71.0,1,2,3.47,1.22,1.52,4,0.73,3.46,0,3.335,0.66,3,1.36,1.315,90.91,2021.0,0
CIC012022-10830,98.0,1,2,3.86,1.36,1.3,4,0.67,3.33,2,4.57,1.0,3,1.72,1.85,92.86,2021.0,3
CIC012022-10841,85.0,1,2,3.79,1.32,1.39,4,0.97,3.69,2,3.29,0.7,2,1.4,1.19,100.0,2021.0,4
CIC012022-10845,100.0,2,0,4.58,1.54,1.67,4,0.82,4.03,2,4.6,1.0,3,1.84,1.76,92.86,2021.0,3
CIC012022-10846,100.0,2,0,4.46,1.48,1.46,4,0.74,3.69,2,4.07,0.76,3,1.79,1.52,100.0,2020.0,3
CIC012022-10848,81.0,0,3,4.52,1.73,1.72,5,0.99,4.44,2,4.28,0.88,3,1.85,1.55,94.12,2022.0,4
CIC012022-10850,75.0,0,2,3.36,1.15,1.39,0,0.71,3.25,0,3.61,0.755,3,1.54,1.315,90.91,2020.0,0
CIC012022-10851,86.0,1,3,3.7,1.25,1.42,4,0.85,3.52,2,3.033333333,0.6533333333,2,1.353333333,1.026666667,100.0,2018.0,4
CIC012022-10852,98.0,0,2,3.62,1.34,1.48,4,0.8,3.62,3,3.565,0.625,3,1.505,1.435,90.91,2018.0,0
CIC012022-10864,95.0,0,2,3.8,1.51,1.56,4,0.77,3.85,0,2.0125,0.4375,2,0.7,0.875,87.5,2021.0,4
CIC012022-10868,100.0,0,3,4.36,1.48,1.54,3,0.91,3.92,2,4.075,1.0,3,1.635,1.44,90.91,2020.0,0
CIC012022-10869,90.0,0,3,4.4,1.48,1.78,3,0.89,4.14,2,0.48,0.69,3,1.64,0.48,87.5,2020.0,2
CIC012022-10873,74.0,0,2,3.71,1.36,1.43,7,0.92,3.71,2,3.9475,1.0,2,1.64,1.3075,100.0,2021.0,0
CIC012022-10883,94.0,0,0,3.62,1.59,1.48,4,0.92,3.99,0,4.45,1.0,3,1.57,1.88,100.0,2020.0,3
CIC012022-10885,84.0,0,3,4.1,1.47,1.59,4,0.67,3.73,2,4.025,0.94,3,1.55,1.535,100.0,2019.0,2
CIC012022-10905,92.0,2,0,3.68,1.45,1.42,3,0.75,3.62,0,4.85,1.0,0,1.94,1.91,94.12,2019.0,0
CIC012022-10906,92.0,2,0,3.69,1.58,1.45,4,0.69,3.72,2,4.94,0.97,0,2.0,1.97,94.12,2019.0,0
CIC012022-10912,48.0,0,2,3.62,1.38,1.37,4,0.84,3.59,2,3.78,0.73,3,1.52,1.53,90.91,2021.0,0
CIC012022-10917,90.0,0,3,4.03,1.51,1.64,4,0.88,4.03,0,4.14,0.88,3,1.64,1.62,80.0,2017.0,4
CIC012022-10918,90.0,0,3,4.03,1.51,1.64,4,0.88,4.03,2,4.45,1.0,0,1.7,1.75,90.0,2014.0,4
CIC012022-10921,96.0,1,2,3.33,1.31,1.42,4,0.76,3.49,0,4.11,0.85,3,1.7,1.56,90.91,2019.0,0
CIC012022-10932,100.0,2,0,4.64,1.47,1.69,3,0.99,4.14,2,4.165,0.85,3,1.79,1.525,100.0,2018.0,2
CIC012022-10936,93.0,0,3,4.16,1.59,1.6,3,0.79,3.98,2,4.49,0.94,3,1.82,1.73,100.0,2019.0,4
CIC012022-10940,97.0,1,2,3.68,1.33,1.42,4,0.8,3.55,0,4.45,0.88,0,1.76,1.81,90.0,2017.0,3
CIC012022-10942,96.0,1,4,2.66,0.81,1.15,3,0.7,2.66,1,3.91,1.0,2,1.82,1.09,100.0,2020.0,0
CIC012022-10944,95.0,2,3,4.4,1.57,1.82,3,0.96,4.34,0,3.65,0.88,3,1.52,1.25,90.0,2017.0,4
CIC012022-10946,94.0,2,3,4.4,1.46,1.45,3,0.78,3.69,0,3.92,0.79,2,1.64,1.49,100.0,2021.0,3
CIC012022-10947,84.0,0,3,3.6,1.44,1.43,4,0.8,3.67,2,4.11,0.94,3,1.76,1.41,0.0,2019.0,0
CIC012022-10953,84.0,0,3,3.98,1.6,1.61,3,0.78,4.0,2,3.7575,0.81,2,1.7,1.2475,0.0,2019.0,4
CIC012022-10955,98.0,1,2,3.68,1.31,1.43,4,0.78,3.51,0,4.51,0.94,0,1.76,1.81,70.0,2021.0,3
CIC012022-10958,71.0,0,2,3.98,1.57,1.6,0,0.7,3.87,2,4.19,0.91,3,1.79,1.49,100.0,2021.0,2
CIC012022-10959,98.0,2,3,4.37,1.67,1.72,4,0.98,4.37,2,4.685,1.0,0,1.81,1.875,100.0,2020.0,3
CIC012022-10960,79.0,1,3,3.5,1.24,1.41,5,0.74,3.39,0,3.6375,0.925,2,1.64,1.0725,86.67,2016.0,2
CIC012022-10972,82.0,0,3,4.28,1.56,1.77,3,0.99,4.32,2,4.1225,0.94,3,1.475,1.7075,100.0,2020.0,3
CIC012022-10978,65.0,1,4,2.73,1.1,1.27,3,0.66,3.03,1,3.16375,0.49375,3,1.37,1.3,70.0,2021.0,4
CIC012022-10980,87.0,0,3,3.86,1.53,1.56,4,0.78,3.87,0,4.045,0.85,0,1.63,1.565,0.0,2020.0,4
CIC012022-10981,96.0,0,3,4.39,1.62,1.63,3,0.96,4.21,2,4.4725,0.97,0,1.66,1.8425,100.0,2021.0,3
CIC012022-10982,86.0,1,2,3.02,1.17,1.39,3,0.96,3.51,2,3.0175,0.655,2,1.19,1.1725,66.67,2021.0,3
CIC012022-10988,83.0,0,3,4.58,1.69,1.76,1,0.99,4.44,2,4.23,0.85,3,1.82,1.56,90.91,2018.0,2
CIC012022-10993,77.0,0,3,3.73,1.36,1.46,4,0.79,3.61,0,3.605,0.88,3,1.415,1.31,75.0,2017.0,4
CIC012022-10994,95.0,0,2,3.98,1.54,1.61,4,0.87,4.02,2,3.71,0.85,0,1.54,1.32,100.0,2020.0,0
CIC022021-8162,96.0,2,3,4.03,1.58,1.57,3,0.76,3.91,2,4.04,0.7,3,1.58,1.76,100.0,2019.0,2
CIC022021-8164,92.0,0,3,4.19,1.67,1.62,3,0.8,4.09,2,4.6,1.0,3,1.81,1.79,100.0,2020.0,2
CIC022021-8165,96.0,0,2,3.68,1.27,1.53,3,0.81,3.61,0,4.73,1.0,3,1.94,1.79,100.0,2016.0,1
CIC022021-8190,50.0,0,2,3.32,1.32,1.44,8,0.81,3.57,2,3.79,0.88,0,1.88,1.03,92.31,2021.0,0
CIC022021-8191,58.0,0,3,3.67,1.4,1.39,3,0.88,3.67,3,2.03,0.63,2,0.7,0.7,82.35,2018.0,4
CIC022021-8192,76.0,1,2,3.32,1.24,1.3,4,0.74,3.28,3,2.3975,0.7,2,0.77,0.9275,100.0,2018.0,2
CIC022021-8194,88.0,1,2,3.14,1.2,1.29,3,0.66,3.15,1,3.5,0.7,3,1.4,1.4,100.0,2018.0,1
CIC022021-8195,83.0,1,2,2.03,0.7,0.74,4,0.43,1.88,1,3.635,0.7,3,1.4,1.535,100.0,2019.0,0
CIC022021-8198,69.0,0,3,3.92,1.66,1.88,4,0.84,4.39,0,4.0425,0.82,3,1.64,1.5825,100.0,2018.0,4
CIC022021-8201,100.0,0,3,4.39,1.54,1.8,6,0.92,4.26,2,4.01,0.76,3,1.58,1.67,100.0,2018.0,1
CIC022021-8203,100.0,1,2,3.4,1.16,1.64,4,0.67,3.47,0,2.5375,0.7,2,0.91,0.9275,100.0,2019.0,0
CIC022021-8204,69.0,1,2,3.53,1.36,1.33,4,0.78,3.48,0,2.3275,0.63,2,0.84,0.8575,100.0,2018.0,4
CIC022021-8205,92.0,0,2,3.67,1.24,1.54,3,0.85,3.62,2,3.575,0.7,3,1.4,1.475,100.0,2018.0,1
CIC022021-8206,94.0,1,2,2.66,0.71,1.19,4,0.67,2.58,1,3.235,0.68,3,1.24,1.315,94.12,2019.0,0
CIC022021-8209,83.0,2,3,3.32,1.51,1.75,4,0.91,4.16,2,4.6,0.78,0,1.88,1.94,94.12,2020.0,0
CIC022021-8212,94.0,0,2,4.16,1.39,1.62,3,0.9,3.91,2,4.22,0.82,3,1.79,1.61,100.0,2019.0,1
CIC022021-8218,79.0,2,3,4.16,1.6,1.48,4,0.74,3.82,3,3.48125,0.7,2,1.46,1.32125,100.0,2019.0,0
CIC022021-8220,89.0,1,2,2.73,1.2,1.22,4,0.7,3.12,2,3.2725,0.7,2,1.33,1.2425,92.86,2019.0,2
CIC022021-8222,92.0,0,2,4.01,1.5,1.6,4,0.79,3.89,3,3.5,0.7,3,1.4,1.4,100.0,2019.0,0
CIC022021-8223,96.0,1,2,3.35,1.28,1.44,3,0.69,3.41,0,3.14125,0.7,2,1.365,1.07625,92.86,2019.0,1
CIC022021-8224,100.0,0,2,3.98,1.32,1.63,3,0.82,3.77,3,3.52625,0.7,2,1.52,1.30625,92.86,2019.0,1
CIC022021-8225,96.0,1,2,3.8,1.3,1.32,5,0.7,3.32,1,3.17,0.72,2,1.085,1.365,100.0,2016.0,1
CIC022021-8227,100.0,0,2,3.01,1.1,1.25,3,0.72,3.07,3,3.44,0.56,3,1.25,1.63,88.24,2018.0,2
CIC022021-8230,98.0,0,3,3.85,1.4,1.53,8,0.77,3.7,3,4.385,0.85,0,1.725,1.81,100.0,2020.0,1
CIC022021-8231,91.0,2,2,4.02,1.49,1.6,3,0.77,3.86,2,3.535,0.665,3,1.115,1.755,94.12,2020.0,0
CIC022021-8235,77.0,0,2,3.98,1.39,1.59,4,0.9,3.88,3,4.37,0.76,0,1.79,1.82,88.24,2019.0,0
CIC022021-8236,73.0,0,2,3.56,1.31,1.29,3,0.76,3.36,3,3.125,0.56,3,1.19,1.375,88.24,2020.0,1
CIC022021-8237,96.0,0,3,3.85,1.51,1.53,3,0.76,3.81,3,3.8,0.7,3,1.55,1.55,100.0,2020.0,1
CIC022021-8239,89.0,1,2,3.37,1.12,1.3,7,0.61,3.04,1,3.08,0.665,2,1.26,1.155,88.89,2017.0,0
CIC022021-8249,100.0,1,2,3.41,1.24,1.39,4,0.73,3.36,1,2.38,0.42,2,1.05,0.91,100.0,2018.0,0
CIC022021-8250,75.0,1,2,3.45,1.27,1.36,5,0.72,3.35,3,3.185,0.665,2,1.26,1.26,94.44,2019.0,0
CIC022021-8252,83.0,0,2,3.61,1.31,1.47,5,0.74,3.52,3,3.255,0.665,2,1.26,1.33,94.44,2019.0,0
CIC022021-8253,79.0,2,3,3.32,1.4,1.82,3,0.88,4.1,2,2.2925,0.455,2,0.945,0.8925,100.0,2020.0,0
CIC022021-8255,81.0,0,2,3.15,1.37,1.35,3,0.72,3.44,1,2.26625,0.49,2,0.91,0.86625,92.86,2020.0,2
CIC022021-8256,100.0,0,3,3.91,1.37,1.54,4,0.84,3.75,2,2.8,0.63,2,1.19,0.98,100.0,2018.0,1
CIC022021-8257,96.0,0,2,3.78,1.23,1.65,4,0.86,3.74,0,3.84,0.79,2,1.64,1.41,100.0,2020.0,0
CIC022021-8258,89.0,1,2,2.8,1.06,1.18,4,0.68,2.92,1,2.03875,0.455,2,0.805,0.77875,100.0,2018.0,2
CIC022021-8259,91.0,2,3,4.19,1.45,1.65,3,0.84,3.94,2,4.52,0.88,0,1.76,1.88,92.86,2018.0,0
CIC022021-8260,90.0,0,2,3.49,1.52,1.54,3,0.79,3.85,2,2.12625,0.385,2,0.91,0.83125,92.86,2020.0,2
CIC022021-8261,98.0,0,3,3.97,1.42,1.57,4,0.87,3.85,2,3.61,0.79,2,1.52,1.3,100.0,2019.0,1
CIC022021-8262,98.0,0,3,4.09,1.41,1.66,4,0.99,4.06,0,4.2125,0.79,3,1.82,1.6025,100.0,2020.0,0
CIC022021-8264,96.0,2,2,4.09,1.46,1.54,3,0.87,3.87,0,2.54625,0.56,2,1.085,0.90125,100.0,2017.0,0
CIC022021-8266,77.0,0,2,3.84,1.19,1.52,3,0.78,3.49,3,3.8825,0.82,2,1.49,1.5725,85.71,2020.0,4
CIC022021-8274,85.0,1,2,3.59,1.25,1.35,6,0.72,3.32,1,3.4,0.88,2,1.365,1.155,100.0,2020.0,0
CIC022021-8275,79.0,0,2,3.27,1.37,1.4,4,0.86,3.63,2,3.75,1.0,2,1.49,1.26,100.0,2020.0,2
CIC022021-8276,84.0,0,2,3.15,1.16,1.33,4,0.74,3.23,2,3.82,1.0,2,1.49,1.33,90.91,2020.0,2
CIC022021-8300,100.0,2,3,4.07,1.51,1.64,0,0.75,3.91,2,4.0325,0.79,2,1.67,1.5725,100.0,2018.0,4
CIC022021-8449,83.0,0,3,4.28,1.59,1.7,4,0.91,4.2,0,2.24,0.49,2,0.875,0.875,94.12,2019.0,1
CIC022022-10996,57.0,1,2,3.49,1.42,1.41,4,0.76,3.59,0,4.815,1.0,0,1.905,1.91,100.0,2018.0,0
CIC022022-10997,98.0,0,2,3.48,1.36,1.42,4,0.8,3.59,2,4.195,0.97,3,1.57,1.655,100.0,2020.0,3
CIC022022-10999,95.0,0,3,4.15,1.51,1.7,4,0.94,4.15,0,4.475,1.0,3,1.66,1.815,100.0,2012.0,4
CIC022022-11004,89.0,0,2,3.32,1.39,1.52,4,0.87,3.78,2,3.55,0.825,3,1.345,1.38,90.0,2021.0,4
CIC022022-11005,100.0,2,0,3.43,1.48,1.28,7,0.73,3.48,0,3.87,0.815,3,1.71,1.345,90.91,2020.0,0
CIC022022-11006,56.0,0,2,3.67,1.33,1.43,3,0.82,3.58,2,4.165,0.97,3,1.54,1.655,75.0,2020.0,3
CIC022022-11011,95.0,0,3,3.97,1.6,1.59,4,0.77,3.96,0,4.115,0.97,3,1.535,1.61,100.0,2018.0,4
CIC022022-11034,100.0,2,3,4.35,1.64,1.73,4,0.97,4.35,0,4.78,1.0,1,1.87,1.91,100.0,2020.0,3
CIC022022-11035,86.0,0,3,3.68,1.33,1.41,7,0.72,3.45,2,2.97,0.69,2,1.44,0.84,100.0,2021.0,2
CIC022022-11037,65.0,0,3,4.12,1.38,1.47,4,0.76,3.6,0,3.05,0.56,2,1.51,0.98,100.0,2019.0,0
CIC022022-11039,98.0,0,2,3.8,1.56,1.53,4,0.7,3.79,2,4.125,0.88,3,1.7,1.545,100.0,2016.0,3
CIC022022-11040,96.0,0,3,3.9,1.47,1.53,4,0.9,3.9,0,4.3675,0.94,3,1.72,1.7075,100.0,2021.0,3
CIC022022-11041,96.0,0,3,4.46,1.62,1.79,4,0.99,4.4,0,4.375,1.0,3,1.69,1.685,100.0,2020.0,3
CIC022022-11043,96.0,2,3,4.31,1.69,1.67,3,0.96,4.31,0,4.77,1.0,1,1.77,2.0,100.0,2020.0,3
CIC022022-11052,98.0,1,2,3.52,1.14,1.46,5,0.93,3.53,0,3.915,0.88,3,1.7,1.335,0.0,2020.0,4
CIC022022-11060,97.0,0,3,3.92,1.26,1.42,4,0.89,3.56,0,3.74,0.7,2,1.64,1.4,100.0,2018.0,3
CIC022022-11069,86.0,1,2,3.66,1.48,1.35,4,0.7,3.53,2,3.945,0.76,2,1.73,1.455,100.0,2019.0,3
CIC022022-11071,61.0,0,3,3.32,1.5,1.49,4,0.82,3.8,0,4.05,0.94,3,1.7,1.41,0.0,2017.0,2
CIC022022-11072,84.0,1,2,3.56,1.31,1.32,4,0.78,3.42,2,4.05,0.88,3,1.76,1.41,0.0,2021.0,2
CIC022022-11073,98.0,0,3,3.79,1.33,1.46,4,0.82,3.61,0,4.72,1.0,0,1.81,1.91,100.0,2021.0,4
CIC022022-11075,97.0,1,2,3.5,1.25,1.41,7,0.84,3.5,0,3.96,0.91,0,1.575,1.475,100.0,2020.0,4
CIC022022-11076,75.0,0,2,3.22,1.35,1.4,4,0.84,3.59,0,4.4425,0.97,3,1.72,1.7525,100.0,2021.0,3
CIC022022-11077,91.0,1,2,3.7,1.24,1.49,4,0.72,3.45,2,4.17,0.94,3,1.76,1.47,0.0,2018.0,0
CIC022022-11078,33.0,1,2,3.28,1.3,1.49,4,0.65,3.43,2,4.05,0.94,3,1.7,1.41,0.0,2017.0,0
CIC022022-11082,77.0,1,2,3.57,1.27,1.5,5,0.81,3.57,2,4.17,1.0,3,1.73,1.44,54.55,2020.0,0
CIC022022-11083,76.0,0,2,3.72,1.67,1.25,4,0.75,3.67,2,3.36,0.62,3,1.24,1.5,90.0,2019.0,3
CIC022022-11085,61.0,1,3,4.21,1.51,1.67,3,0.94,4.11,2,3.12,0.785,2,1.355,0.98,100.0,2021.0,3
CIC022022-11093,81.0,1,2,3.54,1.3,1.34,0,0.71,3.34,3,3.975,0.94,3,1.7,1.335,0.0,2019.0,2
CIC022022-11097,70.0,0,2,3.92,1.54,1.57,3,0.81,3.91,0,3.1825,0.82,2,1.225,1.1375,100.0,2021.0,3
CIC022022-11100,76.0,1,2,3.02,1.32,1.35,1,0.84,3.51,2,3.8,0.94,3,1.51,1.35,100.0,2016.0,2
CIC022022-11106,80.0,0,3,4.22,1.57,1.6,0,0.78,3.96,0,3.33,0.62,3,1.305,1.405,100.0,2019.0,4
CIC022022-11134,85.0,0,3,4.21,1.43,1.61,2,0.84,3.76,2,2.45,0.63,4,1.12,0.7,100.0,2020.0,2
CIC022022-11135,100.0,1,2,3.05,1.03,1.31,4,0.71,3.05,3,2.45,0.63,4,1.12,0.7,100.0,2020.0,2
CIC022022-11136,87.0,0,3,4.22,1.52,1.62,4,0.86,4.0,2,3.91,0.88,3,1.33,1.7,100.0,2020.0,2
CIC022022-11156,85.0,0,2,3.73,1.37,1.52,4,0.84,3.73,2,3.265,0.6675,2,1.3525,1.245,100.0,2021.0,0
CIC022022-11157,82.0,1,2,2.94,1.2,1.41,3,0.65,3.26,1,4.46,0.82,3,1.82,1.82,66.67,2021.0,0
CIC022022-11159,91.0,1,2,2.51,1.35,1.37,3,0.78,3.5,0,4.28,0.97,3,1.625,1.685,100.0,2017.0,4
CIC022022-11170,100.0,0,3,3.85,1.66,1.45,4,0.75,3.85,2,4.7,1.0,3,1.82,1.88,100.0,2021.0,2
CIC022022-11173,80.0,1,2,3.29,1.46,1.39,3,0.73,3.58,0,3.31,0.62,0,1.38,1.31,0.0,2019.0,0
CIC022022-11177,80.0,0,3,3.32,1.51,1.67,3,0.93,4.11,2,3.47,0.62,3,1.345,1.505,90.0,2021.0,4
CIC022022-11179,82.0,0,3,4.22,1.65,1.66,4,0.81,4.11,2,3.77,0.85,3,1.51,1.41,100.0,2019.0,4
CIC022022-11180,97.0,0,2,3.72,1.26,1.48,4,0.8,3.53,2,3.065,0.755,2,1.12,1.19,100.0,2020.0,3
CIC022022-11183,88.0,1,2,2.22,0.82,0.9,3,0.64,2.35,1,2.885,0.82,2,1.05,1.015,100.0,2021.0,3
CIC022022-11187,89.0,0,3,3.98,1.53,1.56,6,0.76,3.85,2,3.9875,0.85,3,1.64,1.4975,100.0,2019.0,4
CIC022022-11209,100.0,0,2,3.54,1.3,1.47,3,0.81,3.58,0,2.99875,0.82,2,1.12,1.05875,100.0,2020.0,3
CIC022022-11211,87.0,0,3,3.64,1.43,1.42,4,0.8,3.65,0,3.8575,0.79,2,1.52,1.5475,100.0,2019.0,0
CIC022022-11220,55.0,0,2,3.32,1.47,1.66,3,0.89,4.02,0,3.99,0.88,3,1.7,1.41,50.0,2018.0,4
CIC022022-11234,78.0,0,2,4.07,1.45,1.42,3,0.63,3.5,2,3.825,0.79,3,1.58,1.455,100.0,2020.0,2
CIC022022-11240,63.0,1,3,4.21,1.56,1.74,3,0.82,4.11,2,3.02625,0.76,2,1.12,1.14625,100.0,2021.0,3
CIC022022-11260,100.0,0,2,4.04,1.46,1.57,4,0.85,3.88,2,3.705,0.79,3,1.5,1.415,100.0,2020.0,2
CIC022022-11261,98.0,0,2,3.92,1.4,1.57,4,0.83,3.81,2,4.125,0.88,3,1.64,1.605,100.0,2021.0,2
CIC022022-11267,100.0,0,2,4.04,1.4,1.63,4,0.83,3.86,2,3.71,0.79,3,1.535,1.385,100.0,2021.0,2
CIC022022-11268,93.0,0,3,3.86,1.52,1.54,4,0.76,3.82,2,4.17,0.94,0,1.635,1.595,50.0,2019.0,3
CIC022022-11269,89.0,0,3,3.8,1.38,1.39,4,0.76,3.53,2,4.185,0.88,3,1.7,1.605,100.0,2020.0,0
CIC022022-11273,81.0,0,3,3.98,1.33,1.52,4,0.83,3.68,0,3.92,1.0,2,1.76,1.16,100.0,2020.0,3
CIC022022-11277,100.0,0,3,3.74,1.43,1.46,3,0.88,3.77,2,3.75,0.73,3,1.61,1.41,100.0,2018.0,0
CIC022022-11283,56.0,1,2,3.32,1.36,1.41,3,0.75,3.51,0,3.72,1.0,2,1.56,1.16,100.0,2019.0,2
CIC022022-11284,74.0,0,3,4.52,1.66,1.79,3,0.91,4.36,2,3.29625,0.82,2,1.225,1.25125,100.0,2020.0,3
CIC022022-11286,98.0,1,2,3.74,1.39,1.53,2,0.74,3.67,0,3.86375,0.9625,2,1.82,1.08125,100.0,2021.0,4
CIC022022-11292,89.0,0,3,4.1,1.48,1.46,4,0.93,3.87,0,3.86,0.7,3,1.64,1.52,100.0,2018.0,0
CIC022022-11300,98.0,1,2,3.76,1.49,1.54,3,0.61,3.64,0,3.01,0.63,2,1.26,1.12,100.0,2018.0,3
CIC022022-11304,87.0,0,3,3.5,1.4,1.4,4,0.7,3.5,2,3.92,0.76,2,1.76,1.4,100.0,2021.0,0
CIC022022-11312,97.0,0,2,3.36,1.35,1.38,4,0.74,3.47,0,4.04,0.88,2,1.46,1.7,100.0,2020.0,0
CIC022022-11313,70.0,1,2,3.35,1.13,1.37,4,0.68,3.19,0,3.92,0.82,2,1.58,1.52,100.0,2020.0,0
CIC022022-11318,51.0,1,2,3.32,1.35,1.44,3,0.8,3.59,3,3.84125,1.0,2,1.76,1.08125,100.0,2022.0,0
CIC022022-11323,100.0,1,2,3.74,1.31,1.41,5,0.75,3.47,2,4.0325,0.865,3,1.775,1.3925,100.0,2022.0,0
CIC022022-11326,90.0,0,2,3.43,1.41,1.45,3,0.75,3.61,2,4.1275,0.82,2,1.7,1.6075,100.0,2021.0,0
CIC022022-11327,98.0,1,2,3.61,1.37,1.41,5,0.74,3.51,2,3.885,0.815,3,1.595,1.475,100.0,2022.0,0
CIC022022-11328,91.0,0,2,3.67,1.49,1.59,4,0.84,3.91,0,3.92,0.88,3,1.58,1.46,0.0,2015.0,2
CIC022022-11329,63.0,1,2,3.48,1.2,1.51,5,0.67,3.38,0,3.92,0.88,3,1.695,1.345,100.0,2022.0,0
CIC022022-11330,85.0,1,2,3.33,1.31,1.33,0,0.7,3.34,1,3.8,0.76,2,1.52,1.52,33.33,2020.0,0
CIC032021-8277,66.0,1,2,3.26,1.21,1.42,3,0.67,3.31,3,3.6,0.91,2,1.43,1.26,100.0,2020.0,0
CIC032021-8278,94.0,0,2,3.49,1.49,1.51,3,0.76,3.76,2,3.97,1.0,2,1.64,1.33,90.91,2020.0,2
CIC032021-8285,100.0,1,2,2.8,1.08,1.18,0,0.68,2.95,2,3.85,1.0,2,1.52,1.33,100.0,2018.0,2
CIC032021-8286,64.0,0,2,3.7,1.25,1.72,5,0.85,3.82,0,4.085,0.7,3,1.58,1.805,93.33,2020.0,4
CIC032021-8288,79.0,0,3,3.73,1.46,1.58,5,0.92,3.95,2,3.99,0.75,3,1.51,1.73,86.67,2021.0,4
CIC032021-8290,66.0,1,2,3.24,1.07,1.49,4,0.8,3.36,3,4.0,0.7,3,1.57,1.73,100.0,2019.0,4
CIC032021-8291,64.0,1,2,3.74,1.29,1.52,4,0.81,3.62,3,3.89,0.7,3,1.46,1.73,93.33,2020.0,2
CIC032021-8293,71.0,0,0,3.74,1.37,1.59,4,0.88,3.85,3,3.5,0.7,2,1.4,1.4,100.0,2020.0,2
CIC032021-8295,77.0,1,2,2.5,0.94,1.14,4,0.67,2.75,1,1.75,0.35,4,0.7,0.7,80.0,2020.0,4
CIC032021-8296,75.0,0,2,3.56,1.25,1.56,3,0.85,3.65,2,3.9225,0.755,2,1.55,1.6175,92.31,2020.0,0
CIC032021-8299,91.0,0,2,3.92,1.32,1.42,5,0.79,3.53,0,3.75625,0.79,2,1.58,1.38625,92.31,2020.0,4
CIC032021-8308,100.0,0,3,4.4,1.58,1.66,4,0.85,4.08,2,3.94,1.0,2,1.61,1.33,100.0,2019.0,4
CIC032021-8309,71.0,1,2,3.32,1.36,1.53,4,0.73,3.62,3,3.73,1.0,2,1.4,1.33,100.0,2019.0,1
CIC032021-8310,69.0,0,3,3.32,1.48,1.57,4,0.77,3.83,3,3.97,1.0,2,1.58,1.39,91.67,2019.0,1
CIC032021-8312,66.0,0,3,3.76,1.43,1.56,4,0.83,3.81,2,3.91,1.0,2,1.55,1.36,100.0,2016.0,2
CIC032021-8315,100.0,2,3,4.28,1.54,1.65,4,0.84,4.03,2,4.2,0.7,3,1.8,1.7,100.0,2015.0,4
CIC032021-8320,57.0,0,3,3.32,1.5,1.58,4,0.76,3.83,0,4.22,0.7,3,1.88,1.64,84.62,2020.0,1
CIC032021-8322,77.0,0,3,4.2,1.35,1.7,3,0.85,3.9,2,3.36,0.7,2,1.33,1.33,92.31,2020.0,4
CIC032021-8327,72.0,0,2,3.87,1.18,1.68,3,0.86,3.72,2,3.29,0.7,2,1.26,1.33,92.31,2020.0,4
CIC032021-8331,66.0,0,3,3.32,1.37,1.61,3,0.87,3.85,2,3.76,0.69,0,1.58,1.49,92.31,2019.0,1
CIC032021-8332,66.0,1,4,2.41,1.07,1.21,3,0.71,2.98,3,3.655,1.0,2,1.57,1.085,100.0,2016.0,2
CIC032021-8335,75.0,0,3,3.74,1.47,1.63,4,0.81,3.9,2,4.27,0.88,0,1.7,1.69,100.0,2019.0,2
CIC032021-8338,73.0,2,3,3.32,1.6,1.7,4,0.88,4.18,0,3.96,0.82,0,1.58,1.56,92.31,2017.0,1
CIC032021-8339,100.0,0,3,3.72,1.4,1.51,4,0.77,3.67,1,3.3,0.56,0,1.32,1.42,100.0,2016.0,4
CIC032021-8341,70.0,0,2,3.56,1.35,1.58,3,0.8,3.73,3,3.57,0.56,0,1.32,1.69,100.0,2020.0,2
CIC032021-8343,63.0,0,3,3.32,1.48,1.52,3,0.77,3.76,2,3.71,0.63,0,1.32,1.76,100.0,2020.0,0
CIC032021-8345,75.0,0,3,3.92,1.46,1.64,3,0.84,3.93,2,3.9,0.82,0,1.26,1.82,100.0,2020.0,2
CIC032021-8347,75.0,0,3,3.79,1.57,1.48,4,0.78,3.82,3,3.0825,0.63,2,1.39,1.0625,100.0,2020.0,2
CIC032021-8349,67.0,0,2,4.0,1.44,1.44,3,0.72,3.61,0,3.165,0.7,2,1.52,0.945,100.0,2019.0,2
CIC032021-8352,100.0,1,2,3.4,0.86,1.4,4,0.86,2.75,0,1.75,0.35,4,0.7,0.7,100.0,2019.0,4
CIC032021-8359,95.0,0,2,3.71,1.43,1.52,4,0.72,3.67,3,3.5675,0.85,2,1.58,1.1375,100.0,2018.0,2
CIC032021-8363,84.0,0,3,3.8,1.5,1.58,3,0.91,3.99,2,4.64,1.0,3,1.82,1.82,100.0,2021.0,0
CIC032021-8364,96.0,0,3,3.42,1.38,1.48,3,0.69,3.55,3,3.08,0.7,2,1.26,1.12,100.0,2018.0,0
CIC032021-8365,96.0,0,3,4.03,1.49,1.63,4,0.81,3.93,2,3.57,0.91,2,1.4,1.26,100.0,2019.0,1
CIC032021-8366,66.0,0,3,3.88,1.54,1.64,3,0.84,4.02,2,4.73,1.0,3,1.94,1.79,100.0,2021.0,2
CIC032021-8367,100.0,0,3,4.1,1.56,1.65,5,0.82,4.02,2,4.34,1.0,3,1.82,1.52,100.0,2019.0,1
CIC032021-8371,87.0,1,2,3.42,1.28,1.33,4,0.76,3.37,1,3.255,0.7,2,1.33,1.225,92.31,2019.0,0
CIC032021-8374,59.0,0,2,3.49,1.35,1.35,4,0.7,3.4,1,2.8,0.7,2,1.4,0.7,100.0,2019.0,1
CIC032021-8376,84.0,0,2,3.32,1.4,1.55,4,0.76,3.71,2,3.28125,0.7,2,1.295,1.28625,93.75,2019.0,1
CIC032021-8378,95.0,2,3,4.03,1.46,1.73,0,0.94,4.13,2,3.74125,0.76,2,1.46,1.52125,100.0,2016.0,0
CIC032021-8383,91.0,0,2,3.61,1.42,1.41,5,0.76,3.59,0,2.9925,0.7,2,1.4,0.8925,100.0,2019.0,2
CIC032021-8384,100.0,1,2,3.27,1.29,1.35,4,0.71,3.35,1,3.3425,0.7,2,1.4,1.2425,100.0,2020.0,0
CIC032021-8386,76.0,2,3,3.32,1.54,1.64,3,0.85,4.02,2,4.5575,0.97,3,2.0,1.5875,100.0,2020.0,0
CIC032021-8387,88.0,0,2,3.32,1.4,1.45,5,0.78,3.64,0,2.825,0.7,2,1.25,0.875,81.82,2020.0,1
CIC032021-8390,82.0,0,2,3.66,1.27,1.54,5,0.89,3.7,2,3.745,0.82,2,1.7,1.225,100.0,2020.0,1
CIC032021-8393,77.0,0,3,4.01,1.41,1.77,3,0.95,4.13,2,4.3625,0.94,2,1.8725,1.55,100.0,2019.0,4
CIC032021-8402,77.0,0,2,3.32,1.28,1.55,4,0.8,3.63,2,3.38,0.73,2,1.67,0.98,100.0,2020.0,0
CIC032021-8417,93.0,0,3,4.0,1.25,1.69,4,0.9,3.72,2,4.03,0.76,0,1.45,1.82,92.31,2020.0,4
CIC032021-8418,95.0,1,2,3.35,0.88,1.15,4,0.72,2.65,1,3.85,0.82,0,1.51,1.52,100.0,2018.0,4
CIC032021-8495,58.0,0,2,3.69,1.52,1.53,3,0.79,3.83,2,4.2275,0.79,3,1.73,1.7075,100.0,2020.0,1
CIC032021-8497,90.0,0,2,3.52,1.25,1.43,3,0.78,3.46,0,3.5,0.7,2,1.4,1.4,84.62,2018.0,2
CIC032021-8593,100.0,0,2,3.32,1.4,1.38,3,0.79,3.57,2,3.14,0.76,2,1.4,0.98,100.0,2018.0,1
CIC032022-11333,99.0,2,3,4.27,1.5,1.8,3,0.94,4.24,0,4.155,1.0,3,1.82,1.335,100.0,2016.0,4
CIC032022-11334,96.0,2,3,4.33,1.58,1.82,4,0.96,4.37,2,4.035,1.0,3,1.7,1.335,100.0,2018.0,4
CIC032022-11335,91.0,0,3,3.91,1.33,1.53,4,0.87,3.73,2,3.72125,0.79,3,1.58,1.35125,50.0,2021.0,3
CIC032022-11338,76.0,1,2,3.41,1.35,1.46,2,0.73,3.53,1,2.9925,0.595,3,1.225,1.1725,100.0,2015.0,4
CIC032022-11353,83.0,0,3,3.87,1.69,1.59,4,0.59,3.87,2,4.485,0.875,3,1.97,1.64,100.0,2016.0,4
CIC032022-11355,85.0,1,2,3.26,1.34,1.38,3,0.67,3.39,1,3.92,0.7,2,1.76,1.46,100.0,2020.0,0
CIC032022-11361,97.0,0,2,4.03,1.57,1.62,4,0.73,3.92,2,4.01,0.82,2,1.61,1.58,100.0,2021.0,3
CIC032022-11362,53.0,1,2,3.35,1.11,1.31,0,0.7,3.12,0,3.0525,0.725,2,1.3225,1.005,100.0,2022.0,3
CIC032022-11365,87.0,0,3,3.98,1.44,1.39,4,0.89,3.72,2,4.04,0.7,3,1.58,1.76,66.67,2016.0,0
CIC032022-11394,99.0,2,3,4.02,1.3,1.59,3,0.88,3.77,0,3.78,0.88,2,1.64,1.26,0.0,2013.0,4
CIC032022-11403,100.0,0,2,3.98,1.63,1.52,4,0.74,3.89,2,3.835,0.88,3,1.475,1.48,100.0,2018.0,3
CIC032022-11406,99.0,0,3,3.92,1.43,1.57,4,0.88,3.88,2,2.665,0.785,2,1.005,0.875,100.0,2020.0,3
CIC032022-11412,86.0,0,3,3.98,1.37,1.45,3,0.86,3.68,2,3.65125,0.82,3,1.515,1.31625,75.0,2019.0,3
CIC032022-11427,98.0,0,2,3.73,1.32,1.5,4,0.79,3.61,2,4.225,0.85,2,1.67,1.705,100.0,2022.0,0
CIC032022-11433,100.0,0,2,4.15,1.54,1.45,0,0.74,3.72,0,3.8025,0.82,3,1.515,1.4675,75.0,2013.0,2
CIC032022-11441,93.0,2,3,4.45,1.62,1.62,3,0.82,4.06,2,3.74125,0.85,3,1.605,1.28625,75.0,2021.0,2
CIC032022-11444,92.0,0,3,3.87,1.34,1.64,5,0.84,3.82,2,3.73,0.82,2,1.58,1.33,100.0,2021.0,4
CIC032022-11446,80.0,0,3,3.32,1.34,1.63,3,0.91,3.88,2,3.84125,0.91,3,1.58,1.35125,75.0,2021.0,3
CIC032022-11447,78.0,0,2,3.82,1.33,1.48,4,0.75,3.55,2,4.19,0.85,3,1.79,1.55,100.0,2022.0,3
CIC032022-11449,98.0,0,3,4.18,1.54,1.65,4,0.88,4.06,2,4.315,0.94,3,1.76,1.615,100.0,2019.0,4
CIC032022-11466,100.0,0,2,4.04,1.58,1.63,4,0.7,3.91,2,4.7,1.0,3,2.0,1.7,100.0,2021.0,3
CIC032022-11486,97.0,1,2,3.62,1.4,1.4,0,0.85,3.65,0,3.64,0.82,3,1.32,1.5,100.0,2015.0,4
CIC032022-11495,89.0,0,2,3.69,1.37,1.52,4,0.8,3.69,2,4.2,0.91,3,1.73,1.56,100.0,2018.0,4
CIC032022-11541,95.0,1,2,3.33,1.31,1.32,4,0.83,3.46,2,3.785,0.845,3,1.545,1.395,100.0,2020.0,2
CIC032022-11547,71.0,0,2,3.81,1.35,1.52,4,0.53,3.39,0,3.73,0.82,3,1.58,1.33,100.0,2019.0,2
CIC032022-11550,97.0,0,3,3.63,1.39,1.53,2,0.75,3.66,2,3.795,0.82,3,1.64,1.335,100.0,2020.0,4
CIC032022-11561,74.0,0,2,3.41,1.29,1.41,5,0.74,3.43,0,3.25,0.82,2,1.45,0.98,85.71,2016.0,3
CIC032022-11565,96.0,2,3,3.8,1.48,1.47,4,0.74,3.69,2,4.175,0.85,3,1.76,1.565,100.0,2019.0,3
CIC032022-11572,90.0,0,2,3.89,1.54,1.56,2,0.79,3.89,2,4.065,0.82,3,1.725,1.52,75.0,2019.0,0
CIC032022-11590,99.0,2,3,4.12,1.55,1.58,3,0.84,3.97,0,3.215,0.785,2,1.21,1.22,100.0,2020.0,0
CIC032022-11629,92.0,0,3,4.08,1.54,1.63,2,0.84,4.01,2,2.875,0.75,2,1.25,0.875,100.0,2021.0,4
CIC032022-11636,91.0,1,2,2.7,0.93,1.16,0,0.56,2.65,1,3.6525,0.85,2,1.5925,1.21,0.0,2015.0,0
CIC032022-11643,98.0,0,3,4.15,1.51,1.7,4,0.94,4.15,2,4.125,0.82,3,1.7,1.605,100.0,2018.0,4
CIC032022-11653,86.0,0,3,3.84,1.48,1.63,4,0.78,3.89,2,3.85,0.68,3,1.7,1.47,88.89,2021.0,4
CIC032022-11657,94.0,0,3,3.64,1.48,1.48,3,0.81,3.77,0,3.6925,0.88,3,1.64,1.1725,100.0,2017.0,4
CIC042020-128,100.0,1,2,3.53,1.39,1.54,4,0.78,3.71,0,3.18125,0.73,2,1.295,1.15625,92.86,2017.0,1
CIC042021-8395,95.0,1,2,3.26,1.2,1.5,4,0.79,3.49,2,3.695,0.85,2,1.58,1.265,100.0,2018.0,0
CIC042021-8396,96.0,1,2,3.33,1.27,1.45,3,0.79,3.51,3,3.3175,0.79,2,1.46,1.0675,93.75,2021.0,0
CIC042021-8398,96.0,1,2,3.2,1.31,1.42,4,0.69,3.42,3,2.4675,0.525,2,1.05,0.8925,100.0,2021.0,0
CIC042021-8399,98.0,1,2,3.33,1.34,1.5,3,0.71,3.55,3,3.155,0.82,2,1.355,0.98,100.0,2017.0,0
CIC042021-8400,39.0,0,3,3.32,1.38,1.69,3,0.82,3.88,2,3.2,0.73,2,1.49,0.98,100.0,2018.0,0
CIC042021-8401,96.0,0,2,4.04,1.51,1.49,4,0.81,3.81,2,3.69,0.66,3,1.545,1.485,100.0,2021.0,2
CIC042021-8403,94.0,0,2,3.32,1.42,1.54,7,0.78,3.75,2,3.035,0.595,2,1.46,0.98,100.0,2020.0,1
CIC042021-8404,100.0,0,3,4.0,1.18,1.53,3,0.85,3.45,0,2.73,0.7,4,1.12,0.91,93.75,2020.0,4
CIC042021-8408,51.0,2,3,3.32,1.58,1.63,5,0.88,4.09,2,3.36,0.7,2,1.33,1.33,100.0,2019.0,4
CIC042021-8409,96.0,0,2,3.32,1.68,1.8,4,0.9,4.38,2,3.29,0.7,2,1.26,1.33,81.25,2019.0,1
CIC042021-8410,98.0,1,2,3.39,1.19,1.53,3,0.84,3.56,0,2.508333333,0.56,4,1.108333333,0.84,93.75,2020.0,1
CIC042021-8411,85.0,0,2,3.8,1.39,1.58,3,0.88,3.85,2,3.66,0.7,4,1.33,1.63,100.0,2017.0,2
CIC042021-8416,52.0,1,4,3.32,1.02,1.11,3,0.59,2.72,1,2.95,0.49,2,0.98,1.48,92.31,2020.0,0
CIC042021-8419,80.0,0,3,3.89,1.25,1.61,3,0.83,3.68,1,3.58,0.63,3,1.19,1.76,100.0,2017.0,4
CIC042021-8420,94.0,0,2,3.62,1.33,1.46,0,0.84,3.62,0,1.75,0.35,4,0.7,0.7,94.12,2020.0,2
CIC042021-8421,60.0,2,3,3.32,1.43,1.66,3,0.93,4.02,2,1.75,0.35,4,0.7,0.7,94.12,2021.0,4
CIC042021-8422,100.0,1,2,3.34,1.32,1.47,5,0.71,3.49,2,3.97,0.76,3,1.58,1.63,100.0,2018.0,0
CIC042021-8424,63.0,0,2,4.0,1.3,1.49,3,0.83,3.62,2,4.02,0.82,0,1.51,1.69,92.31,2020.0,0
CIC042021-8445,100.0,0,2,3.78,1.49,1.58,5,0.9,3.97,2,3.1675,0.7,2,1.4,1.0675,100.0,2018.0,4
CIC042021-8446,100.0,2,3,4.58,1.75,1.73,4,0.94,4.42,2,2.75625,0.7,2,1.19,0.86625,88.24,2020.0,0
CIC042021-8448,98.0,1,2,3.27,0.86,1.07,4,0.65,2.58,1,2.68125,0.7,2,1.115,0.86625,94.12,2018.0,4
CIC042021-8452,88.0,0,3,3.96,1.52,1.65,4,0.77,3.94,0,2.87,0.7,2,1.26,0.91,100.0,2015.0,1
CIC042021-8455,94.0,0,3,4.04,1.65,1.64,5,0.87,4.17,0,3.6225,0.97,2,1.55,1.1025,100.0,2020.0,2
CIC042021-8461,82.0,2,0,3.32,1.63,1.76,3,0.88,4.26,2,4.1,0.79,3,1.7,1.61,100.0,2020.0,1
CIC042021-8468,55.0,1,4,3.02,1.28,1.26,0,0.72,3.26,0,3.54,0.82,2,1.4,1.32,85.71,2020.0,0
CIC042021-8469,60.0,0,2,3.61,1.24,1.48,5,0.77,3.48,1,4.28,0.94,3,1.76,1.58,100.0,2020.0,0
CIC042021-8470,83.0,1,2,3.13,1.25,1.3,4,0.75,3.3,0,2.255,0.685,4,0.87,0.7,100.0,2020.0,2
CIC042021-8471,98.0,0,3,3.78,1.43,1.68,0,0.94,4.05,2,3.04,0.94,2,1.26,0.84,92.86,2019.0,4
CIC042021-8472,96.0,1,4,3.0,1.2,1.32,4,0.71,3.23,2,2.56,0.88,2,0.98,0.7,92.86,2019.0,2
CIC042021-8475,54.0,0,2,3.52,1.33,1.42,4,0.74,3.49,0,3.005,0.88,2,1.215,0.91,78.57,2016.0,0
CIC042021-8476,100.0,0,2,3.75,1.7,1.78,5,0.89,4.37,2,3.64,0.7,2,1.49,1.45,100.0,2019.0,1
CIC042021-8477,96.0,1,4,3.2,1.18,1.31,4,0.68,3.16,1,2.601666667,0.7,2,1.085,0.8166666667,93.33,2018.0,2
CIC042021-8478,100.0,1,2,3.37,1.59,1.67,4,0.82,4.07,0,3.255,0.7,2,1.4,1.155,100.0,2020.0,1
CIC042021-8480,100.0,0,2,3.35,1.24,1.35,4,0.81,3.39,0,3.255,0.7,2,1.4,1.155,100.0,2018.0,2
CIC042021-8482,81.0,1,4,3.0,1.17,1.37,5,0.72,3.26,1,3.01,0.7,2,1.365,0.945,100.0,2019.0,2
CIC042021-8486,98.0,0,2,3.32,1.44,1.55,4,0.77,3.76,2,3.8825,0.7,3,1.43,1.7525,100.0,2020.0,1
CIC042021-8487,75.0,2,3,3.32,1.45,1.67,3,0.98,4.1,2,3.394166667,0.7,3,1.4,1.294166667,93.33,2018.0,4
CIC042021-8492,84.0,0,3,3.92,1.52,1.65,5,0.93,4.1,0,3.8175,0.73,3,1.49,1.5975,100.0,2019.0,4
CIC042021-8494,98.0,0,3,4.16,1.64,1.66,4,0.83,4.12,2,4.1675,0.79,3,1.67,1.7075,92.31,2019.0,2
CIC042021-8496,66.0,2,3,3.32,1.63,1.65,4,0.83,4.11,2,3.66,0.76,2,1.495,1.405,100.0,2018.0,1
CIC042021-8514,94.0,1,2,3.25,1.32,1.43,5,0.77,3.52,2,2.94,0.7,2,1.19,1.05,100.0,2019.0,4
CIC042021-8519,87.0,1,0,2.03,1.25,1.3,3,0.71,3.26,0,3.92,0.82,3,1.52,1.58,100.0,2020.0,4
CIC042021-8523,98.0,0,2,4.09,1.45,1.62,3,0.84,3.9,0,3.92,1.0,2,1.4,1.52,85.71,2018.0,1
CIC042021-8524,85.0,0,2,3.45,1.43,1.42,4,0.65,3.5,2,3.97,0.88,3,1.63,1.46,71.43,2018.0,0
CIC042021-8656,100.0,0,3,4.04,1.53,1.6,4,0.81,3.94,2,3.41,0.79,2,1.43,1.19,80.0,2019.0,4
CIC042022-11669,94.0,0,3,4.03,1.57,1.55,3,0.83,3.95,0,4.49,0.94,0,1.88,1.67,100.0,2018.0,0
CIC042022-11697,85.0,0,3,3.5,1.35,1.46,0,0.82,3.63,0,4.05,0.88,3,1.76,1.41,57.14,2020.0,0
CIC042022-11698,98.0,1,3,3.56,0.99,1.3,4,0.93,3.22,0,4.21,0.82,3,1.83,1.56,100.0,2021.0,0
CIC042022-11712,81.0,0,2,3.54,1.31,1.44,2,0.8,3.55,0,4.5,0.94,3,1.88,1.68,100.0,2019.0,2
CIC042022-11727,91.0,0,2,3.8,1.42,1.43,3,0.79,3.64,2,4.26,0.82,3,1.76,1.68,100.0,2019.0,2
CIC042022-11763,92.0,1,2,3.44,1.05,1.39,4,0.94,3.37,2,4.62,0.94,3,1.94,1.74,84.62,2016.0,0
CIC042022-11776,76.0,1,4,2.0,0.79,0.77,3,0.44,2.0,1,3.13,0.715,2,1.47,0.945,100.0,2019.0,4
CIC042022-11777,64.0,0,3,3.74,1.2,1.48,4,0.79,3.47,0,3.535,0.85,2,1.57,1.115,0.0,2019.0,0
CIC042022-11779,94.0,0,3,4.12,1.48,1.41,2,0.93,3.81,2,4.12,0.94,3,1.64,1.54,100.0,2020.0,4
CIC042022-11782,91.0,0,3,4.02,1.37,1.6,3,0.82,3.79,2,4.15,0.88,3,1.7,1.57,100.0,2019.0,0
CIC042022-11784,98.0,0,3,4.22,1.71,1.69,4,0.85,4.25,2,4.14,0.845,3,1.725,1.57,0.0,2019.0,2
CIC042022-11816,95.0,0,3,4.0,1.44,1.43,4,0.93,3.79,0,3.43,0.7,3,1.4,1.33,100.0,2019.0,4
CIC042022-11817,95.0,0,2,3.87,1.36,1.43,4,0.88,3.66,0,3.465,0.7,3,1.4,1.365,100.0,2019.0,4
CIC042022-11818,94.0,0,3,4.28,1.58,1.61,2,0.84,4.03,2,2.9575,0.63,3,1.19,1.1375,80.0,2021.0,4
CIC042022-11819,98.0,0,3,4.37,1.48,1.54,3,0.94,3.95,2,3.555,0.76,3,1.43,1.365,100.0,2021.0,4
CIC042022-11829,100.0,1,2,3.53,1.41,1.42,0,0.74,3.56,1,3.08875,0.7,2,1.295,1.09375,80.0,2019.0,4
CIC042022-11835,94.0,0,3,4.22,1.6,1.68,2,0.75,4.03,2,1.75,0.35,4,0.7,0.7,100.0,2019.0,4
CIC042022-11838,95.0,0,3,4.02,1.34,1.48,3,0.73,3.55,0,3.485,0.82,2,1.58,1.085,100.0,2020.0,4
CIC042022-11842,88.0,0,2,3.61,1.32,1.4,4,0.74,3.46,1,1.82,0.35,4,0.77,0.7,100.0,2019.0,2
CIC042022-11868,92.0,0,3,4.03,1.36,1.46,2,0.85,3.67,0,2.80875,0.525,3,1.19,1.09375,100.0,2021.0,4
CIC042022-11869,95.0,0,3,4.25,1.37,1.49,2,0.89,3.74,0,2.8525,0.56,3,1.12,1.1725,100.0,2021.0,4
CIC042022-11906,86.0,0,2,3.54,1.39,1.45,3,0.76,3.6,2,4.03,0.7,3,1.75,1.58,100.0,2020.0,2
CIC042022-11917,97.0,0,3,4.34,1.73,1.73,4,0.85,4.31,2,3.695,0.91,2,1.505,1.28,0.0,2018.0,2
CIC052021-8499,96.0,1,2,3.28,0.86,1.31,4,0.78,2.95,0,2.89,0.49,2,0.98,1.42,100.0,2019.0,4
CIC052021-8501,98.0,0,2,3.81,1.61,1.74,6,0.85,4.19,2,3.08,0.63,3,1.26,1.19,90.91,2021.0,1
CIC052021-8505,68.0,0,2,3.24,1.29,1.47,3,0.78,3.54,0,3.22,0.7,2,1.26,1.26,100.0,2021.0,1
CIC052021-8506,100.0,0,2,3.98,1.34,1.46,3,0.69,3.49,0,4.03,0.82,3,1.64,1.57,100.0,2019.0,0
CIC052021-8512,95.0,0,3,4.28,1.7,1.58,3,0.91,4.19,2,4.46,1.0,0,1.88,1.58,100.0,2020.0,0
CIC052021-8518,100.0,0,2,2.92,1.62,1.7,3,0.82,4.04,0,3.29,0.7,2,1.26,1.33,100.0,2018.0,1
CIC052021-8521,70.0,0,2,3.83,1.33,1.54,3,0.86,3.73,2,3.8,0.82,2,1.58,1.4,100.0,2018.0,1
CIC052021-8526,98.0,0,3,4.23,1.34,1.85,4,0.98,4.16,2,4.025,1.0,3,1.88,1.145,100.0,2019.0,4
CIC052021-8527,100.0,0,2,3.65,1.4,1.54,4,0.79,3.73,0,3.21,0.76,2,1.26,1.19,100.0,2018.0,0
CIC052021-8528,93.0,0,3,3.48,1.2,1.51,4,0.77,3.47,2,3.6725,0.82,3,1.82,1.0325,92.31,2019.0,4
CIC052021-8531,93.0,0,2,3.95,1.3,1.46,5,0.79,3.56,1,3.6125,0.7,2,1.88,1.0325,92.31,2021.0,1
CIC052021-8532,83.0,0,2,3.32,1.24,1.65,4,0.81,3.7,0,1.82,0.35,4,0.77,0.7,0.0,2019.0,1
CIC052021-8533,86.0,1,2,3.8,1.4,1.54,4,0.76,3.7,0,3.38375,0.73,3,1.49,1.16375,92.31,2020.0,0
CIC052021-8537,93.0,0,3,3.55,1.0,1.14,4,0.75,2.88,0,2.765,0.56,2,1.26,0.945,100.0,2020.0,4
CIC052021-8540,100.0,1,2,3.74,1.37,1.38,4,0.93,3.67,0,3.71,0.7,2,1.46,1.55,100.0,2019.0,0
CIC052021-8542,96.0,1,2,4.27,1.46,1.68,3,0.79,3.92,2,4.04,0.85,2,1.55,1.64,100.0,2021.0,4
CIC052021-8543,92.0,0,3,4.28,1.76,1.57,3,0.82,4.15,2,4.31,0.79,2,1.76,1.76,90.91,2020.0,0
CIC052021-8544,95.0,0,3,3.73,1.46,1.58,4,0.74,3.78,0,3.95,0.85,2,1.61,1.49,90.91,2021.0,0
CIC052021-8546,34.0,1,2,3.32,1.2,1.25,3,0.74,3.18,1,4.4,0.94,3,1.88,1.58,100.0,2020.0,0
CIC052021-8547,97.0,1,2,3.8,1.46,1.44,4,0.78,3.68,0,4.19,0.79,2,1.55,1.85,100.0,2019.0,0
CIC052021-8548,96.0,1,2,3.73,1.31,1.44,3,0.81,3.56,0,3.86,0.76,2,1.58,1.52,100.0,2021.0,1
CIC052021-8549,100.0,0,3,4.34,1.7,1.7,6,0.82,4.22,2,4.64,1.0,3,2.0,1.64,100.0,2020.0,0
CIC052021-8554,100.0,0,3,3.77,1.26,1.31,4,0.73,3.31,0,3.42,0.76,2,1.4,1.26,80.0,2019.0,0
CIC052021-8557,94.0,0,3,3.49,1.29,1.43,4,0.69,3.41,2,3.35,0.76,2,1.4,1.19,100.0,2018.0,4
CIC052021-8558,79.0,0,2,3.97,1.42,1.51,3,0.82,3.75,0,3.35,0.76,2,1.4,1.19,80.0,2019.0,1
CIC052021-8560,96.0,0,3,3.94,1.38,1.48,4,0.73,3.6,0,3.155,0.63,2,1.58,0.945,100.0,2017.0,2
CIC052021-8564,100.0,2,3,4.52,1.74,1.78,4,0.92,4.44,2,4.4,1.0,3,1.88,1.52,80.0,2021.0,0
CIC052021-8574,88.0,1,2,3.47,1.34,1.64,4,0.8,3.78,2,3.35,0.76,2,1.4,1.19,90.0,2016.0,4
CIC052021-8575,25.0,1,4,3.32,1.13,1.12,5,0.61,2.86,0,3.54,0.76,2,1.52,1.26,100.0,2019.0,1
CIC052021-8578,98.0,0,2,3.63,1.4,1.47,5,0.77,3.63,0,2.51,0.76,2,0.91,0.84,100.0,2019.0,1
CIC052021-8579,80.0,0,3,4.1,1.4,1.66,5,0.66,3.72,0,2.1,0.7,4,0.7,0.7,80.0,2019.0,4
CIC052021-8581,62.0,0,3,4.16,1.5,1.59,3,0.91,4.0,2,4.355,1.0,3,1.91,1.445,60.0,2019.0,1
CIC052021-8584,100.0,0,3,3.97,1.51,1.53,4,0.81,3.85,1,4.45,1.0,3,2.0,1.45,90.0,2020.0,0
CIC052021-8585,41.0,0,3,3.91,1.39,1.62,4,0.82,3.83,0,3.35,0.76,2,1.4,1.19,80.0,2018.0,0
CIC052021-8589,100.0,1,2,3.94,1.29,1.65,3,0.77,3.7,2,3.385,0.76,2,1.365,1.26,80.0,2019.0,1
CIC052021-8591,98.0,0,3,3.98,1.45,1.39,0,0.65,3.49,0,3.305,0.76,2,1.285,1.26,60.0,2017.0,4
CIC052021-8594,28.0,1,4,3.32,1.07,1.25,4,0.61,2.93,0,2.41,0.73,4,0.875,0.805,100.0,2020.0,1
CIC052021-8595,77.0,0,3,4.57,1.64,1.83,4,0.89,4.36,0,3.277916667,0.73,2,1.395,1.152916667,92.31,2018.0,4
CIC052021-8596,96.0,0,2,3.32,1.43,1.5,4,0.77,3.7,2,2.648333333,0.7,4,1.19,0.7583333333,100.0,2019.0,1
CIC052021-8609,83.0,0,3,3.67,1.49,1.5,4,0.62,3.61,0,3.36,0.7,2,1.33,1.33,100.0,2020.0,0
CIC052021-8611,100.0,1,2,2.42,1.33,1.43,5,0.8,3.56,2,3.29,0.7,2,1.26,1.33,100.0,2020.0,4
CIC052021-8612,76.0,0,2,4.07,1.49,1.64,3,0.83,3.95,0,3.36,0.7,2,1.33,1.33,92.31,2021.0,1
CIC052021-8615,97.0,0,3,4.4,1.6,1.7,4,0.89,4.19,2,4.04,0.7,3,1.7,1.64,100.0,2020.0,1
CIC052021-8618,79.0,1,4,1.89,0.8,0.99,4,0.57,2.29,0,3.4425,0.88,2,1.46,1.1025,100.0,2018.0,0
CIC052021-8619,95.0,0,2,3.97,1.37,1.49,4,0.83,3.68,0,3.5,0.7,2,1.4,1.4,100.0,2018.0,1
CIC052021-8623,60.0,0,3,3.32,1.46,1.49,4,0.88,3.83,0,3.22,0.7,2,1.26,1.26,100.0,2015.0,1
CIC052021-8624,97.0,2,3,4.28,1.55,1.67,5,0.89,4.11,2,4.04,0.7,0,1.64,1.7,100.0,2020.0,1
CIC052021-8625,78.0,0,2,4.01,1.54,1.52,5,0.81,3.87,0,4.04,0.7,3,1.58,1.76,100.0,2021.0,1
CIC052021-8627,100.0,0,1,4.4,1.61,1.65,4,0.96,4.22,2,2.79,0.7,2,1.39,0.7,92.86,2021.0,0
CIC052021-8629,100.0,0,2,3.85,1.28,1.58,4,0.94,3.8,0,3.74,0.7,3,1.52,1.52,100.0,2020.0,0
CIC052021-8637,100.0,0,2,3.74,1.27,1.42,4,0.66,3.35,0,3.355,0.82,2,1.52,1.015,100.0,2020.0,2
CIC052021-8638,100.0,2,3,4.28,1.55,1.54,4,0.82,3.92,2,4.13,0.79,3,1.64,1.7,100.0,2020.0,2
CIC052021-8639,96.0,2,3,4.21,1.54,1.59,5,0.81,3.94,2,3.4325,0.76,2,1.64,1.0325,100.0,2019.0,2
CIC052021-8640,98.0,2,3,4.27,1.63,1.61,3,0.78,4.01,2,4.0525,0.94,3,1.94,1.1725,100.0,2018.0,2
CIC052021-8641,98.0,0,2,3.76,1.26,1.42,4,0.71,3.38,0,3.115,0.7,2,1.4,1.015,100.0,2019.0,2
CIC052021-8642,94.0,0,2,3.32,1.49,1.39,3,0.82,3.7,2,3.83,0.7,3,1.58,1.55,100.0,2018.0,1
CIC052021-8650,80.0,2,3,4.33,1.7,1.63,1,0.8,4.13,0,3.6825,0.88,2,1.7,1.1025,100.0,2020.0,2
CIC052021-8651,96.0,0,3,3.32,1.5,1.53,3,0.79,3.81,2,3.6825,0.7,3,1.88,1.1025,100.0,2019.0,1
CIC052021-8655,100.0,1,2,3.71,1.33,1.48,3,0.8,3.61,2,3.9925,0.94,3,1.88,1.1725,100.0,2021.0,4
CIC052021-8663,100.0,0,3,3.94,1.44,1.49,4,0.72,3.65,0,4.0525,1.0,3,1.88,1.1725,100.0,2020.0,2
CIC052021-8665,36.0,0,2,3.51,1.06,1.55,4,0.76,3.37,1,3.6,0.69,2,1.45,1.46,92.86,2021.0,0
CIC052021-8667,100.0,0,2,3.32,1.47,1.4,4,0.76,3.63,2,4.03,0.85,3,1.6,1.58,100.0,2021.0,1
CIC052022-11930,100.0,0,3,3.68,1.4,1.44,4,0.74,3.58,2,4.075,0.88,2,1.565,1.63,0.0,2019.0,0
CIC052022-11932,93.0,1,2,3.29,1.18,1.47,3,0.75,3.4,1,3.265,0.82,2,1.435,1.01,0.0,2021.0,0
CIC052022-11947,100.0,0,3,4.27,1.78,1.68,4,0.86,4.32,2,4.4,0.88,3,1.7,1.82,100.0,2018.0,0
CIC052022-11951,88.0,1,2,3.48,1.23,1.5,4,0.69,3.43,0,4.05,0.88,3,1.76,1.41,85.71,2018.0,0
CIC052022-11953,98.0,1,2,3.34,1.37,1.38,3,0.76,3.51,0,3.27,0.85,3,1.305,1.115,100.0,2019.0,0
CIC052022-11959,100.0,0,3,3.92,1.58,1.48,3,0.73,3.79,2,3.9125,0.85,0,1.34,1.7225,100.0,2018.0,3
CIC052022-11979,100.0,0,3,4.07,1.58,1.68,3,0.94,4.2,2,4.34,0.88,3,1.76,1.7,100.0,2020.0,0
CIC052022-11986,84.0,1,2,3.29,1.23,1.52,4,0.75,3.5,0,4.05,0.88,3,1.76,1.41,71.43,2020.0,0
CIC052022-11999,91.0,0,3,3.67,1.31,1.56,4,0.81,3.68,2,4.05,0.88,3,1.76,1.41,85.71,2019.0,0
CIC052022-12005,100.0,1,2,3.19,1.3,1.35,5,0.72,3.37,1,3.715,0.74,3,1.64,1.335,85.71,2022.0,0
CIC052022-12006,89.0,1,2,3.72,1.29,1.6,5,0.79,3.68,2,4.125,0.88,3,1.76,1.485,85.71,2022.0,0
CIC052022-12010,98.0,0,3,3.92,1.58,1.48,4,0.74,3.8,2,4.09,0.81,3,1.7,1.58,100.0,2019.0,3
CIC052022-12034,98.0,1,2,3.33,1.31,1.38,3,0.72,3.41,0,3.06,0.62,2,1.19,1.25,75.0,2021.0,0
CIC052022-12035,97.0,0,3,4.01,1.54,1.72,5,0.8,4.06,2,3.52,0.82,2,1.51,1.19,100.0,2017.0,0
CIC052022-12050,100.0,0,3,3.5,1.4,1.38,3,0.78,3.56,2,4.08,0.88,3,1.5,1.7,87.5,2021.0,0
CIC052022-12068,98.0,0,3,3.92,1.58,1.46,4,0.74,3.77,2,3.225,0.73,3,1.28,1.215,100.0,2019.0,3
CIC052022-12104,98.0,0,3,3.98,1.33,1.6,5,0.86,3.78,2,3.7375,0.61,3,1.805,1.3225,100.0,2019.0,0
CIC052022-12120,100.0,1,2,3.6,1.3,1.46,5,0.88,3.64,0,3.84,0.61,3,1.82,1.41,100.0,2019.0,4
CIC052022-12143,100.0,1,2,3.62,1.4,1.55,4,0.7,3.65,0,2.9675,0.7,2,1.34,0.9275,100.0,2021.0,4
CIC052022-12144,100.0,1,2,3.62,1.44,1.46,4,0.76,3.66,0,3.7375,0.61,3,1.805,1.3225,100.0,2021.0,4
CIC052022-12146,90.0,0,3,3.9,1.22,1.6,6,0.9,3.72,0,4.195,0.88,3,1.7,1.615,100.0,2019.0,0
CIC052022-12152,100.0,1,2,3.62,1.4,1.49,4,0.76,3.65,0,3.935,0.68,3,1.64,1.615,100.0,2021.0,4
CIC052022-12153,100.0,1,2,3.49,1.18,1.56,4,0.82,3.56,2,4.075,0.82,3,1.64,1.615,100.0,2021.0,0
CIC062021-8672,91.0,1,2,3.76,1.19,1.56,5,0.77,3.52,0,3.89,0.7,2,1.61,1.58,92.86,2020.0,4
CIC062021-8677,93.0,1,4,2.77,0.74,1.08,3,0.57,2.4,1,3.56,0.7,2,1.46,1.4,85.71,2020.0,4
CIC062021-8689,98.0,0,2,3.72,1.29,1.4,4,0.71,3.41,1,3.56,0.7,2,1.4,1.46,92.86,2017.0,2
CIC062021-8690,100.0,2,0,4.7,1.66,1.75,3,0.87,4.17,2,3.98,0.76,3,1.64,1.58,92.86,2021.0,0
CIC062021-8691,86.0,0,2,3.72,1.43,1.46,4,0.66,3.56,0,3.9,0.82,2,1.53,1.55,100.0,2018.0,2
CIC062021-8692,93.0,0,3,4.08,1.46,1.7,4,0.94,4.1,2,3.905,0.85,3,1.665,1.39,100.0,2019.0,1
CIC062021-8697,98.0,2,0,4.76,1.67,1.71,3,0.87,4.15,2,4.36,0.94,3,1.64,1.78,100.0,2021.0,0
CIC062021-8698,100.0,1,2,3.92,1.25,1.57,4,0.77,3.59,1,4.04,0.88,3,1.64,1.52,100.0,2019.0,4
CIC062021-8701,90.0,0,2,3.68,1.36,1.43,3,0.75,3.55,0,1.19,0.63,4,0.7,0.525,71.43,2021.0,4
CIC062021-8705,92.0,1,2,3.57,1.22,1.44,3,0.81,3.47,1,2.065,0.525,4,0.84,0.7,60.0,2021.0,0
CIC062021-8709,100.0,0,3,3.21,1.26,1.46,4,0.8,3.51,2,3.29,0.7,2,1.4,1.19,100.0,2019.0,0
CIC062021-8711,98.0,0,3,3.32,1.43,1.53,7,0.85,3.81,0,3.56,0.76,2,1.4,1.4,80.0,2020.0,1
CIC062021-8712,75.0,0,3,4.04,1.51,1.5,3,0.81,3.82,0,4.58,0.94,0,1.82,1.82,92.86,2019.0,2
CIC062021-8717,79.0,1,2,2.67,0.89,0.92,4,0.5,2.3,1,3.2025,0.7,2,1.4,1.1025,100.0,2021.0,4
CIC062021-8720,92.0,0,2,3.32,1.4,1.51,3,0.79,3.7,2,3.29,0.7,2,1.4,1.19,70.0,2020.0,1
CIC062021-8723,98.0,0,2,3.98,1.58,1.75,3,0.91,4.24,2,4.64,1.0,0,1.82,1.82,100.0,2018.0,2
CIC062021-8730,78.0,1,2,3.29,1.15,1.39,4,0.73,3.27,2,3.83,0.73,2,1.58,1.52,100.0,2020.0,2
CIC062021-8733,100.0,1,2,3.59,1.26,1.42,0,0.88,3.56,2,4.11,0.88,3,1.76,1.47,0.0,2019.0,4
CIC062021-8738,90.0,0,2,3.32,1.42,1.44,3,0.75,3.6,0,3.665,0.88,2,1.64,1.145,85.71,2019.0,1
CIC062021-8744,94.0,0,3,3.66,1.35,1.62,3,0.91,3.88,2,2.73,0.63,2,1.33,0.77,80.95,2021.0,4
CIC062021-8746,100.0,1,2,3.33,1.05,1.46,4,0.73,3.24,1,2.765,0.49,2,1.33,0.945,100.0,2015.0,4
CIC062021-8747,100.0,1,2,3.08,0.98,1.28,3,0.67,2.92,0,1.96,0.42,4,0.84,0.7,100.0,2021.0,4
CIC062021-8748,86.0,0,2,3.01,1.02,1.07,4,0.54,2.63,1,2.1,0.42,4,0.98,0.7,100.0,2021.0,4
CIC062021-8751,85.0,1,2,3.21,1.17,1.4,4,0.78,3.35,1,3.5,0.7,2,1.4,1.4,100.0,2021.0,2
CIC062021-8756,98.0,1,2,3.32,1.03,1.42,3,0.78,3.22,1,2.820416667,0.595,2,1.26,0.9654166667,100.0,2020.0,1
CIC062021-8757,74.0,0,2,3.32,1.41,1.51,4,0.73,3.65,2,2.975,0.7,2,1.4,0.875,78.57,2021.0,1
CIC062021-8758,100.0,0,3,3.35,1.35,1.46,3,0.81,3.61,2,4.0925,0.76,3,1.58,1.7525,100.0,2021.0,0
CIC062021-8761,85.0,0,2,3.8,1.53,1.66,4,0.86,4.05,0,3.454166667,0.63,3,1.28,1.544166667,100.0,2019.0,2
CIC062021-8762,92.0,0,2,3.32,1.39,1.52,4,0.76,3.67,0,3.75,0.63,2,1.39,1.73,100.0,2019.0,1
CIC062021-8766,98.0,0,2,3.32,1.46,1.56,4,0.83,3.85,2,3.356666667,0.7,2,1.255,1.401666667,100.0,2021.0,1
CIC062021-8767,96.0,0,0,4.34,1.58,1.82,4,0.94,4.34,2,3.345,0.7,2,1.455,1.19,71.43,2020.0,0
CIC062021-8769,93.0,0,2,3.9,1.42,1.69,4,0.88,3.99,2,4.04,0.7,3,1.64,1.7,100.0,2021.0,1
CIC062021-8770,58.0,2,3,3.32,1.48,1.7,5,0.87,4.04,2,3.49,0.63,2,1.485,1.375,92.31,2020.0,2
CIC062021-8773,24.0,0,3,3.32,1.45,1.58,4,0.82,3.85,2,3.785,0.78,3,1.495,1.51,100.0,2021.0,2
CIC062021-8777,87.0,0,3,3.32,1.37,1.63,3,0.84,3.84,0,4.04,0.7,3,1.76,1.58,100.0,2018.0,2
CIC062021-8781,60.0,0,2,3.32,1.38,1.49,4,0.82,3.69,2,2.89875,0.595,2,1.145,1.15875,100.0,2019.0,2
CIC062021-8782,88.0,0,3,4.08,1.44,1.72,3,0.91,4.06,2,4.1,0.7,3,1.76,1.64,100.0,2020.0,1
CIC062021-8783,76.0,2,0,3.32,1.63,1.78,3,0.93,4.33,0,4.31,0.85,3,1.73,1.73,100.0,2020.0,2
CIC062021-8784,66.0,0,2,3.56,1.18,1.35,3,0.74,3.27,3,3.04625,0.725,2,1.215,1.10625,100.0,2020.0,0
CIC062021-8785,89.0,0,3,3.32,1.43,1.63,4,0.87,3.93,0,4.16,0.79,3,1.67,1.7,100.0,2017.0,2
CIC062021-8794,89.0,0,3,3.32,1.42,1.68,3,0.85,3.94,0,3.5,0.7,2,1.4,1.4,100.0,2021.0,2
CIC062021-8795,97.0,0,3,3.21,1.27,1.39,5,0.72,3.38,1,3.34,0.76,2,1.355,1.225,85.71,2020.0,0
CIC062021-8796,94.0,0,2,4.12,1.52,1.6,4,0.78,3.89,2,3.02,0.525,2,1.08,1.415,100.0,2020.0,2
CIC062021-8818,93.0,0,3,4.04,1.52,1.64,3,0.88,4.04,2,3.5375,0.82,2,1.7,1.0175,100.0,2020.0,4
CIC062021-8826,98.0,0,3,3.6,1.19,1.39,3,0.65,3.23,2,4.445,0.94,3,1.85,1.655,90.91,2018.0,4
CIC062021-8830,96.0,0,3,4.52,1.43,1.69,6,0.91,4.03,0,3.96,0.88,3,1.82,1.26,100.0,2021.0,4
CIC062021-8832,74.0,0,2,3.32,1.39,1.45,3,0.74,3.58,2,3.3575,0.76,2,1.58,1.0175,100.0,2021.0,1
CIC062021-8836,98.0,2,3,4.14,1.52,1.79,3,0.87,4.19,2,4.03,1.0,3,1.7,1.33,100.0,2020.0,0
CIC062021-8837,92.0,0,2,3.73,1.45,1.31,3,0.73,3.49,2,3.22,0.59,2,1.315,1.315,100.0,2018.0,4
CIC062021-8839,68.0,0,2,3.9,1.32,1.65,3,0.94,3.92,2,3.7625,0.7,3,1.46,1.6025,86.67,2018.0,1
CIC062021-8841,100.0,0,3,4.34,1.47,1.75,1,0.91,4.13,2,4.3925,0.94,0,1.79,1.6625,100.0,2017.0,4
CIC062021-8844,95.0,0,2,3.92,1.38,1.7,0,0.82,3.91,2,4.17,0.88,3,1.73,1.56,100.0,2020.0,1
CIC062021-8845,100.0,2,3,3.42,1.27,1.37,4,0.72,3.35,0,4.14,0.94,3,1.94,1.26,0.0,2019.0,4
CIC062021-8848,84.0,0,3,3.84,1.59,1.65,3,0.76,3.99,0,3.995,0.82,2,1.7,1.475,100.0,2020.0,0
CIC062021-8851,98.0,0,3,3.15,1.06,1.12,4,0.58,2.75,1,3.045,0.63,2,1.26,1.155,71.43,2020.0,4
CIC062021-8852,91.0,0,2,3.88,1.45,1.51,4,0.76,3.72,2,2.735,0.68,2,1.18,0.875,90.48,2021.0,2
CIC062021-8855,100.0,0,3,4.5,1.69,1.72,4,0.9,4.3,2,4.26125,1.0,3,1.88,1.38125,100.0,2020.0,2
CIC062021-8857,100.0,0,2,3.94,1.23,1.8,3,0.87,3.89,0,4.21875,0.91,3,1.69,1.61875,100.0,2020.0,4
CIC062021-8859,96.0,0,3,4.16,1.45,1.55,4,0.76,3.76,2,3.04,0.82,2,1.45,0.77,100.0,2020.0,2
CIC062021-8863,100.0,1,2,3.11,1.22,1.65,4,0.87,3.73,0,4.4225,0.97,3,1.73,1.7225,100.0,2021.0,4
CIC062021-8870,95.0,0,3,3.91,1.3,1.53,4,0.85,3.69,0,3.734166667,0.73,3,1.46,1.544166667,86.67,2021.0,0
CIC062021-8875,85.0,2,3,4.26,1.65,1.74,4,0.82,4.21,2,3.88125,0.76,2,1.82,1.30125,87.5,2020.0,0
CIC062021-8877,93.0,0,2,3.32,1.46,1.46,4,0.76,3.68,2,2.1,0.49,2,0.91,0.7,93.75,2021.0,1
CIC062021-8880,98.0,0,3,4.16,1.53,1.61,4,0.81,3.95,2,3.2375,0.76,2,1.46,1.0175,100.0,2020.0,2
CIC062021-8881,98.0,0,3,4.34,1.51,1.6,4,0.76,3.87,2,3.99125,0.94,2,1.76,1.29125,100.0,2020.0,2
CIC062021-8883,56.0,0,2,3.68,1.43,1.53,4,0.84,3.8,0,1.75,0.35,4,0.7,0.7,50.0,2018.0,2
CIC062021-8884,100.0,2,3,4.1,1.61,1.62,8,0.82,4.05,2,3.68125,0.94,2,1.64,1.10125,100.0,2017.0,4
CIC062021-8887,36.0,0,2,3.85,1.51,1.59,3,0.7,3.8,0,2.8375,0.63,2,1.19,1.0175,93.75,2021.0,0
CIC062022-12158,100.0,1,2,3.65,1.36,1.49,2,0.82,3.67,0,3.465,1.0,3,1.24,1.225,100.0,2021.0,4
CIC062022-12166,100.0,1,2,4.03,1.63,1.67,7,0.76,4.06,2,4.555,1.0,0,1.75,1.805,100.0,2018.0,4
CIC062022-12171,91.0,1,2,3.65,1.31,1.49,4,0.88,3.68,0,4.305,1.0,0,1.5,1.805,88.89,2019.0,4
CIC062022-12218,100.0,1,2,3.27,1.28,1.33,4,0.76,3.37,0,3.465,0.7,3,1.365,1.4,100.0,2018.0,0
CIC062022-12227,100.0,0,3,4.21,1.72,1.5,4,0.92,4.14,2,4.05,0.85,3,1.64,1.56,100.0,2018.0,0
CIC072020-3788,100.0,0,3,4.4,1.49,1.63,4,0.88,4.0,2,4.15,1.0,3,1.73,1.42,100.0,2020.0,4
CIC072020-8128,94.0,0,2,3.95,1.59,1.59,3,0.75,3.92,2,3.87,0.82,0,1.76,1.29,100.0,2020.0,2
CIC072020-8129,94.0,0,2,3.62,1.45,1.51,3,0.77,3.73,2,4.08,0.82,0,1.7,1.56,76.92,2019.0,2
CIC072020-8130,96.0,0,3,4.12,1.72,1.62,4,0.77,4.1,2,3.3,0.63,3,1.25,1.42,100.0,2020.0,2
CIC072020-8270,95.0,1,2,3.73,1.29,1.44,5,0.72,3.45,2,3.31,0.56,3,1.19,1.56,85.71,2019.0,1
CIC072020-8306,92.0,1,2,3.36,1.41,1.44,4,0.72,3.57,3,3.85,1.0,2,1.52,1.33,100.0,2020.0,1
CIC072021-8892,97.0,0,3,4.22,1.6,1.63,3,0.87,4.1,2,3.8,0.82,2,1.58,1.4,100.0,2020.0,4
CIC072021-8893,50.0,1,4,3.32,0.61,1.03,4,0.75,2.39,1,3.86,0.7,2,1.4,1.76,100.0,2019.0,4
CIC072021-8898,93.0,2,3,4.52,1.49,1.76,1,0.93,4.18,2,2.9,0.68,2,1.52,0.7,94.12,2019.0,0
CIC072021-8900,100.0,0,3,3.92,1.6,1.59,0,0.8,3.99,2,4.0275,0.665,3,1.52,1.8425,86.67,2019.0,2
CIC072021-8901,98.0,0,3,3.92,1.76,1.77,0,0.88,4.41,2,4.1525,0.76,3,1.58,1.8125,93.33,2019.0,0
CIC072021-8906,91.0,0,3,4.39,1.61,1.76,4,0.85,4.23,2,3.01,0.56,2,1.26,1.19,100.0,2020.0,2
CIC072021-8909,97.0,0,3,3.92,1.55,1.63,4,0.7,3.88,2,3.92,0.88,2,1.64,1.4,100.0,2016.0,4
CIC072021-8910,68.0,2,0,3.32,1.66,1.78,3,0.96,4.41,2,3.67,0.7,2,1.64,1.33,100.0,2019.0,2
CIC072021-8911,94.0,2,3,4.04,1.54,1.51,3,0.76,3.82,2,2.8,0.56,4,1.12,1.12,92.86,2020.0,4
CIC072021-8916,78.0,1,2,3.52,1.24,1.64,4,0.82,3.7,2,3.15,0.63,4,1.33,1.19,100.0,2020.0,1
CIC072021-8917,97.0,0,3,4.16,1.64,1.59,4,0.87,4.1,2,4.1,0.7,3,1.58,1.82,100.0,2020.0,4
CIC072021-8918,81.0,0,2,3.65,1.48,1.58,4,0.84,3.9,0,3.92,0.7,2,1.64,1.58,100.0,2019.0,2
CIC072021-8921,92.0,0,3,3.97,1.45,1.56,5,0.67,3.68,0,3.2025,0.695,3,1.255,1.2525,86.67,2021.0,0
CIC072021-8922,89.0,1,4,1.75,0.95,1.07,3,0.54,2.55,0,3.7925,0.73,3,1.43,1.6325,93.33,2021.0,2
CIC072021-8928,98.0,0,3,4.34,1.7,1.74,5,0.83,4.27,2,3.6275,0.7,2,1.4,1.5275,93.33,2019.0,2
CIC072021-8930,98.0,0,2,3.84,1.54,1.59,4,0.79,3.93,2,3.98,0.97,2,1.4,1.61,92.31,2021.0,2
CIC072021-8933,98.0,0,2,3.78,1.3,1.59,3,0.72,3.61,0,3.599166667,0.73,2,1.4,1.469166667,93.33,2021.0,0
CIC072021-8934,100.0,0,2,3.76,1.39,1.69,4,0.82,3.9,2,3.71,0.76,2,1.4,1.55,100.0,2019.0,1
CIC072021-8935,75.0,2,0,3.32,1.65,1.8,4,0.84,4.28,2,3.35,0.76,2,1.33,1.26,100.0,2018.0,0
CIC072021-8936,96.0,1,4,1.81,1.12,1.21,4,0.72,3.06,0,2.8,0.63,2,1.19,0.98,100.0,2018.0,2
CIC072021-8939,100.0,0,2,3.79,1.31,1.57,5,0.82,3.7,0,2.9825,0.76,2,1.26,0.9625,100.0,2020.0,0
CIC072021-8943,98.0,0,2,3.7,1.33,1.69,5,0.91,3.94,2,2.59,0.56,2,1.26,0.77,92.86,2021.0,1
CIC072021-8944,41.0,0,3,3.91,1.57,1.59,4,0.7,3.86,0,3.8,0.79,2,1.4,1.61,100.0,2021.0,0
CIC072021-8951,3.0,0,2,3.32,1.14,1.58,4,1.0,3.72,2,2.7475,0.7,2,1.26,0.7875,100.0,2021.0,1
CIC072021-8960,53.0,1,4,3.32,0.74,1.08,4,0.94,2.76,1,4.17,0.91,0,1.63,1.63,100.0,2021.0,0
CIC072021-8961,98.0,1,2,3.32,1.29,1.35,4,0.79,3.43,2,4.18,0.82,0,1.7,1.66,100.0,2021.0,1
CIC072021-8963,93.0,1,4,2.87,1.23,1.31,3,0.68,3.21,0,4.1,0.88,0,1.565,1.655,100.0,2017.0,0
CIC072021-8965,93.0,0,2,3.61,1.42,1.42,1,0.66,3.49,1,4.36,0.88,0,1.82,1.66,88.89,2021.0,2
CIC072021-8967,100.0,0,2,3.95,1.5,1.54,3,0.79,3.83,3,4.185,0.85,3,1.67,1.665,88.89,2019.0,0
CIC072021-8970,92.0,0,2,3.32,1.4,1.4,4,0.77,3.58,2,4.3,0.85,1,1.73,1.72,100.0,2018.0,1
CIC072021-8979,92.0,0,2,3.32,1.5,1.52,4,0.74,3.75,0,4.27,0.815,1,1.76,1.695,88.89,2017.0,1
CIC072021-9048,89.0,0,3,3.86,1.47,1.52,4,0.77,3.76,0,3.76,0.85,2,1.33,1.58,84.62,2020.0,4
CIC072021-9071,98.0,0,2,3.39,1.3,1.54,3,0.8,3.64,0,3.056666667,0.665,2,1.19,1.201666667,100.0,2021.0,2
CIC072021-9103,100.0,0,3,4.13,1.16,1.29,4,0.85,3.31,0,3.034166667,0.73,2,1.155,1.149166667,94.44,2021.0,0
CIC072021-9110,96.0,1,2,3.17,1.14,1.32,4,0.72,3.18,1,3.74,0.7,2,1.46,1.58,61.54,2018.0,4
CIC072021-9112,85.0,1,2,2.9,1.12,1.34,4,0.84,3.3,0,3.95,0.94,2,1.4,1.61,100.0,2021.0,0
CIC072021-9113,94.0,0,2,3.47,1.26,1.4,5,0.75,3.41,3,4.04,1.0,2,1.4,1.64,100.0,2020.0,2
CIC072021-9116,82.0,1,2,3.52,1.35,1.42,4,0.8,3.57,3,4.21,0.88,3,1.7,1.63,83.33,2016.0,4
CIC072021-9119,98.0,1,2,3.32,1.31,1.47,4,0.77,3.55,0,4.67,0.94,3,1.91,1.82,92.86,2018.0,4
CIC072021-9120,98.0,0,3,4.46,1.44,1.69,3,0.92,4.05,2,4.1,0.79,2,1.7,1.61,76.92,2018.0,0
CIC072021-9121,96.0,1,2,3.53,1.27,1.58,3,0.79,3.77,2,4.03,0.85,2,1.39,1.79,100.0,2020.0,4
CIC072021-9122,77.0,0,3,3.86,1.66,1.61,6,0.82,4.08,0,4.0725,0.94,3,1.88,1.2525,100.0,2019.0,2
CIC072021-9123,79.0,0,2,3.95,1.47,1.66,4,0.84,3.96,2,3.97,0.94,3,1.6,1.43,100.0,2019.0,2
CIC072021-9124,100.0,0,3,3.91,1.69,1.57,3,0.84,4.1,2,4.22,0.7,3,1.73,1.79,100.0,2021.0,2
CIC072021-9128,98.0,0,3,4.28,1.49,1.53,4,0.83,3.85,2,3.8625,0.94,3,1.82,1.1025,100.0,2016.0,2
CIC072021-9132,7.0,1,2,3.36,0.92,1.49,5,0.89,3.3,3,3.71,0.7,2,1.4,1.61,69.23,2019.0,1
CIC072021-9133,80.0,1,2,3.32,1.4,1.39,3,0.7,3.5,0,3.62,0.74,2,1.43,1.45,100.0,2021.0,4
CIC072021-9134,97.0,0,2,3.68,1.39,1.5,4,0.69,3.58,1,3.5,0.7,2,1.4,1.4,61.54,2018.0,4
CIC072021-9136,88.0,0,2,3.8,1.53,1.44,3,0.69,3.65,2,4.01,0.79,2,1.52,1.7,92.31,2020.0,2
CIC072021-9146,90.0,0,3,3.9,1.55,1.54,4,0.83,3.92,2,3.485,0.715,2,1.365,1.405,100.0,2021.0,2
CIC082020-4406,98.0,0,3,4.04,1.56,1.59,3,0.76,3.91,2,4.05,0.94,0,1.88,1.23,92.86,2020.0,1
CIC082020-8328,98.0,0,3,3.5,1.42,1.47,5,0.72,3.61,1,2.73,0.63,4,1.19,0.91,92.31,2020.0,0
CIC082020-8377,100.0,0,3,3.21,1.3,1.34,3,0.69,3.33,1,2.63375,0.7,4,1.155,0.77875,100.0,2019.0,0
CIC082020-8484,50.0,0,2,3.32,1.38,1.41,3,0.82,3.6,2,3.1325,0.7,2,1.295,1.1375,100.0,2018.0,1
CIC082021-9151,96.0,1,2,3.5,1.23,1.31,3,0.85,3.39,0,3.62,0.7,2,1.43,1.49,69.23,2018.0,0
CIC082021-9192,100.0,0,2,3.86,1.43,1.49,4,0.71,3.62,2,3.56,0.72,2,1.47,1.37,100.0,2018.0,4
CIC082021-9196,65.0,0,3,3.53,1.44,1.48,6,0.83,3.75,0,3.715,0.775,2,1.465,1.475,100.0,2021.0,2
CIC082021-9201,98.0,0,3,4.04,1.46,1.62,4,0.89,3.97,2,3.06,0.59,2,1.28,1.19,100.0,2020.0,3
CIC082021-9202,96.0,0,3,3.98,1.67,1.57,5,0.79,4.03,2,4.75,0.905,0,1.875,1.97,100.0,2020.0,2
CIC082021-9207,82.0,0,2,3.81,1.23,1.47,5,0.84,3.54,0,3.69,0.72,2,1.63,1.34,100.0,2020.0,0
CIC082021-9226,92.0,1,2,3.47,1.57,1.41,3,0.6,3.58,3,2.9275,0.56,2,1.12,1.2475,66.67,2016.0,0
CIC082021-9233,73.0,0,2,3.57,1.26,1.59,3,0.87,3.71,3,4.16,0.82,3,1.7,1.64,100.0,2019.0,1
CIC082021-9281,100.0,0,2,4.17,1.62,1.49,3,0.77,3.88,2,2.01,0.82,2,1.45,0.875,100.0,2019.0,2
CIC082021-9286,7.0,0,3,4.05,1.08,1.91,4,0.94,3.94,2,3.68,0.72,3,1.515,1.445,100.0,2020.0,1
CIC082021-9288,98.0,0,2,3.84,1.38,1.68,4,0.89,3.95,2,1.885,0.7,2,1.46,0.805,64.29,2019.0,1
CIC082021-9293,100.0,0,3,4.46,1.55,1.71,7,0.89,4.14,2,2.61,0.94,3,1.88,1.2,92.86,2020.0,2
CIC082021-9294,58.0,2,0,3.32,1.84,1.88,3,0.92,4.64,2,2.175,0.82,3,1.33,1.1,78.57,2020.0,2
CIC082021-9295,89.0,0,3,3.98,1.58,1.61,3,0.79,3.99,2,2.64,1.0,3,1.7,1.29,100.0,2019.0,0
CIC082021-9301,100.0,0,2,3.84,1.46,1.68,4,0.89,4.03,2,3.5375,0.68,3,1.5975,1.26,100.0,2020.0,1
CIC082021-9308,97.0,0,2,3.51,1.17,1.59,4,0.81,3.57,0,3.14,0.66,2,1.22,1.26,100.0,2020.0,1
CIC082021-9353,7.0,0,2,3.74,1.0,1.55,6,0.93,3.47,2,2.79,0.55,2,1.155,1.085,100.0,2020.0,1
CIC082021-9357,100.0,1,2,3.62,1.37,1.38,4,0.68,3.42,1,3.05,0.72,2,1.315,1.015,100.0,2019.0,4
CIC082021-9362,94.0,0,2,3.63,1.26,1.61,3,0.83,3.7,2,3.26125,0.725,3,1.21125,1.325,100.0,2021.0,1
CIC082021-9364,90.0,0,3,4.16,1.52,1.67,4,0.88,4.06,2,3.295,0.655,2,1.385,1.255,100.0,2020.0,0
CIC082021-9383,63.0,1,2,3.32,1.11,1.47,5,0.81,3.39,1,3.0,0.595,2,1.285,1.12,100.0,2021.0,0
CIC082021-9385,100.0,0,2,4.04,1.55,1.48,6,0.73,3.75,0,3.135,0.655,2,1.22,1.26,100.0,2019.0,4
CIC082021-9391,6.0,0,2,3.81,1.18,1.66,4,0.94,3.78,0,3.9725,1.0,3,1.94,1.0325,100.0,2016.0,1
CIC082021-9419,35.0,0,2,3.58,1.2,1.61,3,0.9,3.71,2,3.86,0.82125,2,1.595,1.44375,90.91,2018.0,0
CIC082021-9472,93.0,0,2,3.66,1.23,1.5,4,0.72,3.44,3,3.545,0.69,3,1.545,1.31,100.0,2018.0,0
CIC082021-9478,78.0,0,2,3.32,1.47,1.39,4,0.76,3.62,2,3.625,0.73,3,1.515,1.38,100.0,2020.0,0
CIC082021-9504,98.0,0,3,3.65,1.48,1.57,4,0.89,3.94,2,3.855,0.79,3,1.545,1.52,100.0,2019.0,4
CIC082021-9567,100.0,1,2,2.94,1.12,1.15,3,0.61,2.88,1,3.015,0.56,2,1.51,0.945,93.33,2021.0,4
CIC092020-5571,92.0,1,2,3.92,1.39,1.44,4,0.66,3.49,1,3.335,0.85,2,1.225,1.26,100.0,2018.0,4
CIC092020-8353,92.0,0,3,3.86,1.42,1.56,5,0.9,3.87,0,1.95125,0.35,4,0.77,0.83125,100.0,2020.0,4
CIC092020-8447,92.0,0,2,3.78,1.33,1.61,4,0.89,3.82,2,4.34,1.0,3,1.67,1.67,100.0,2019.0,1
CIC092021-9534,90.0,1,2,3.41,1.54,1.37,3,0.6,3.51,3,3.79,0.785,2,1.545,1.46,90.91,2019.0,0
CIC092021-9550,14.0,1,2,3.32,1.16,1.52,4,0.63,3.31,1,3.025,0.76,2,1.32,0.945,46.67,2019.0,4
CIC092021-9562,77.0,0,3,3.32,1.37,1.59,6,0.86,3.82,0,3.55,0.82,3,1.315,1.415,100.0,2021.0,4
CIC092021-9597,96.0,0,2,3.54,1.31,1.35,4,0.82,3.48,0,2.965,0.7,2,1.32,0.945,100.0,2019.0,0
CIC092021-9598,98.0,0,3,3.79,1.66,1.57,3,0.93,4.15,0,2.9975,0.7,2,1.44,0.8575,100.0,2021.0,4
CIC092021-9622,90.0,2,3,3.9,1.41,1.71,4,0.94,4.06,2,3.4575,0.815,3,1.245,1.3975,100.0,2018.0,4
CIC092021-9635,100.0,0,2,3.92,1.41,1.52,4,0.83,3.76,2,3.6725,0.94,3,1.63,1.1025,100.0,2019.0,3
CIC092021-9639,94.0,0,3,4.1,1.53,1.66,4,0.94,4.13,0,3.8125,0.94,3,1.7,1.1725,100.0,2020.0,3
CIC092021-9641,100.0,2,0,4.46,1.7,1.67,3,0.88,4.24,2,4.37,0.88,0,1.85,1.64,91.67,2020.0,3
CIC092021-9649,95.0,0,2,3.52,1.24,1.6,3,0.81,3.64,0,4.43,0.94,3,1.79,1.7,92.86,2021.0,1
CIC092021-9654,97.0,0,3,3.96,1.36,1.66,4,0.91,3.93,0,3.245,0.69,2,1.26,1.295,100.0,2020.0,1
CIC092021-9656,100.0,0,3,3.89,1.44,1.4,4,0.82,3.67,2,3.03,0.59,2,1.29,1.15,100.0,2021.0,4
CIC092021-9660,58.0,1,4,3.32,0.7,0.7,4,0.35,1.75,2,3.31125,0.65,3,1.31,1.35125,100.0,2020.0,0
CIC092021-9667,46.0,1,2,3.32,1.1,1.36,4,0.79,3.26,0,1.75,0.35,4,0.7,0.7,66.67,2021.0,0
CIC092021-9686,88.0,0,3,3.8,1.4,1.38,1,0.84,3.62,2,3.945,0.79,3,1.55,1.605,100.0,2016.0,0
CIC092021-9696,93.0,0,2,3.9,1.27,1.35,4,0.79,3.4,0,3.175,0.725,2,1.19,1.26,64.29,2021.0,0
CIC092021-9698,96.0,0,3,3.83,1.55,1.59,4,0.93,4.07,0,3.13,0.56,2,1.275,1.295,90.0,2020.0,4
CIC092021-9707,98.0,0,3,4.22,1.54,1.74,4,0.9,4.18,2,3.585,0.785,3,1.35,1.45,85.71,2021.0,2
CIC092021-9708,89.0,0,3,3.32,1.47,1.55,3,0.95,3.96,2,4.67,0.94,0,1.88,1.85,100.0,2018.0,0
CIC092021-9711,100.0,1,2,3.01,1.26,1.37,4,0.63,3.25,0,4.07,0.82,3,1.67,1.58,100.0,2019.0,4
CIC092021-9712,60.0,0,2,3.32,1.2,1.62,4,0.86,3.68,2,3.96,0.81,3,1.65,1.5,92.86,2021.0,1
CIC092021-9716,84.0,1,2,3.0,1.12,1.3,4,0.88,3.29,0,3.0825,0.58,3,1.2,1.3025,71.43,2019.0,0
CIC092021-9722,83.0,0,3,4.64,1.75,1.8,3,0.96,4.51,2,4.7,0.94,3,1.88,1.88,100.0,2018.0,2
CIC092021-9730,100.0,0,2,3.84,1.34,1.66,4,0.82,3.81,2,2.59,0.49,2,1.05,1.05,100.0,2021.0,2
CIC092021-9737,35.0,0,2,3.61,1.22,1.37,3,0.75,3.33,2,3.575,0.665,2,1.39,1.52,100.0,2018.0,3
CIC092021-9738,96.0,0,2,3.74,1.46,1.45,4,0.74,3.65,0,3.815,0.76,3,1.48,1.575,100.0,2021.0,2
CIC092021-9745,86.0,1,2,3.51,1.1,1.52,0,0.78,3.41,0,4.13,0.85,0,1.64,1.64,100.0,2020.0,2
CIC092021-9747,100.0,0,3,4.28,1.64,1.61,7,0.78,4.03,2,4.46,0.94,3,1.79,1.73,100.0,2020.0,2
CIC092021-9749,100.0,0,3,4.16,1.58,1.62,4,0.89,4.08,0,3.91,0.82,3,1.52,1.57,100.0,2019.0,2
CIC092021-9755,98.0,0,3,4.22,1.59,1.55,4,0.79,3.93,2,2.21,0.76,3,1.52,1.07,92.31,2021.0,2
CIC092021-9757,100.0,0,2,3.74,1.49,1.49,3,0.76,3.74,0,4.19,0.88,3,1.67,1.64,100.0,2020.0,2
CIC092021-9785,64.0,2,0,4.56,1.43,1.9,3,0.98,4.31,2,4.275,0.91,0,1.76,1.605,100.0,2021.0,2
CIC092021-9786,86.0,2,3,4.52,1.65,1.72,4,0.85,4.23,0,3.44,0.82,3,1.29,1.33,85.71,2020.0,3
CIC092021-9787,93.0,1,2,3.54,1.33,1.41,3,0.73,3.47,3,3.325,0.72,3,1.405,1.2,75.0,2021.0,3
CIC092021-9798,91.0,2,0,4.4,1.65,1.68,3,0.86,4.19,2,3.25,0.655,3,1.25,1.345,100.0,2019.0,4
CIC092021-9824,97.0,0,3,4.1,1.66,1.77,3,0.99,4.42,0,4.6,0.94,0,1.88,1.78,100.0,2020.0,4
CIC092021-9837,74.0,0,3,3.32,1.61,1.6,3,0.88,4.09,2,4.52,0.88,0,1.85,1.79,100.0,2020.0,4
CIC092021-9851,36.0,1,2,3.32,1.28,1.62,3,0.65,3.55,2,3.94,0.79,3,1.54,1.61,78.57,2020.0,2
CIC092021-9852,56.0,0,3,3.85,1.44,1.57,3,0.82,3.85,2,3.5,0.81,3,1.44,1.25,92.86,2019.0,2
CIC102020-6433,98.0,0,3,3.85,1.51,1.54,4,0.79,3.84,2,3.81,1.0,2,1.55,1.26,100.0,2017.0,1
CIC102020-8119,73.0,0,2,4.04,1.56,1.65,3,0.82,4.03,0,4.19,0.94,3,1.64,1.61,100.0,2020.0,0
CIC102020-8340,98.0,0,3,3.8,1.5,1.65,3,0.72,3.87,0,3.7,0.76,0,1.32,1.62,100.0,2019.0,2
CIC102021-10000,94.0,0,2,3.65,1.39,1.69,3,0.9,3.98,2,3.68,0.63,3,1.57,1.48,100.0,2020.0,0
CIC102021-10002,89.0,0,2,3.51,1.19,1.66,5,0.89,3.74,0,3.17,0.625,3,1.41,1.135,100.0,2021.0,0
CIC102021-10026,100.0,1,2,3.76,1.28,1.47,5,0.88,3.62,2,4.18,0.85,3,1.63,1.7,92.86,2020.0,4
CIC102021-10031,98.0,0,2,3.54,1.3,1.27,4,0.83,3.4,0,4.34,0.85,3,1.73,1.76,92.86,2020.0,0
CIC102021-10037,100.0,1,2,3.76,1.36,1.57,3,0.88,3.81,2,4.46,0.88,0,1.82,1.76,92.86,2019.0,4
CIC102021-10039,92.0,0,2,4.04,1.56,1.43,4,0.7,3.69,2,4.555,0.97,3,1.75,1.835,100.0,2018.0,3
CIC102021-10044,100.0,2,3,4.36,1.36,1.79,1,0.93,4.08,2,3.1475,0.725,3,1.285,1.1375,100.0,2021.0,2
CIC102021-10053,68.0,1,2,3.06,1.25,1.49,0,0.67,3.41,1,3.8,0.88,2,1.52,1.4,100.0,2020.0,0
CIC102021-10055,98.0,0,2,3.54,1.27,1.34,4,0.83,3.44,0,4.2825,1.0,3,1.72,1.5625,100.0,2021.0,0
CIC102021-10056,94.0,1,2,4.22,1.4,1.57,3,0.91,3.88,0,3.195,0.85,2,1.225,1.12,100.0,2020.0,4
CIC102021-10058,75.0,0,3,4.1,1.46,1.69,4,0.91,4.06,2,3.94,0.76,3,1.54,1.64,0.0,2021.0,0
CIC102021-10060,86.0,1,2,3.32,1.1,1.49,3,0.78,3.37,3,3.075,0.625,3,1.275,1.175,85.71,2019.0,0
CIC102021-10062,91.0,1,2,3.32,1.25,1.36,5,0.69,3.3,0,4.8025,1.0,0,1.87,1.9325,100.0,2017.0,4
CIC102021-10065,88.0,0,2,3.54,1.32,1.39,3,0.84,3.55,0,4.84,1.0,1,1.87,1.97,100.0,2021.0,0
CIC102021-10067,90.0,0,2,3.81,1.35,1.36,7,0.72,3.43,3,3.885,0.94,2,1.55,1.395,87.5,2014.0,4
CIC102021-10068,77.0,2,3,4.04,1.41,1.64,3,0.81,3.85,2,4.64,0.94,3,1.82,1.88,100.0,2016.0,0
CIC102021-10109,98.0,1,2,3.5,1.29,1.39,4,0.79,3.47,0,3.8325,0.69,3,1.48,1.6625,85.71,2020.0,4
CIC102021-10116,35.0,0,3,3.32,1.44,1.58,4,0.93,3.94,0,4.82,0.97,3,1.97,1.88,100.0,2017.0,0
CIC102021-10119,96.0,0,3,3.94,1.54,1.65,3,0.84,4.03,2,4.73,1.0,0,1.94,1.79,100.0,2020.0,4
CIC102021-10120,91.0,0,2,3.88,1.65,1.61,3,0.74,4.0,2,4.85,1.0,0,2.0,1.85,100.0,2020.0,4
CIC102021-10123,95.0,2,0,4.46,1.63,1.65,4,0.82,4.11,2,3.89,0.85,3,1.52,1.52,100.0,2021.0,4
CIC102021-10165,94.0,0,2,3.86,1.24,1.46,3,0.77,3.48,0,4.13,0.85,3,1.67,1.61,100.0,2018.0,3
CIC102021-9886,94.0,0,0,4.16,1.42,1.64,3,0.89,3.95,2,4.79,0.94,0,1.91,1.94,100.0,2020.0,0
CIC102021-9890,81.0,0,3,3.32,1.33,1.64,0,0.81,3.78,2,3.645,0.88,3,1.415,1.35,71.43,2021.0,4
CIC102021-9917,100.0,0,2,3.54,1.25,1.31,4,0.83,3.39,1,4.22,0.88,3,1.73,1.61,100.0,2019.0,0
CIC102021-9919,82.0,0,3,3.97,1.37,1.63,3,0.83,3.83,2,1.75,0.35,4,0.7,0.7,92.86,2019.0,2
CIC102021-9920,69.0,1,2,2.97,1.19,1.25,3,0.68,3.12,0,4.095,0.94,3,1.485,1.67,92.86,2021.0,3
CIC102021-9922,95.0,1,2,2.63,1.27,1.4,3,0.74,3.4,0,4.6625,0.91,0,1.88,1.8725,92.86,2020.0,0
CIC102021-9924,89.0,1,2,3.38,1.04,1.38,0,0.81,3.23,3,2.605,0.62,2,1.145,0.84,100.0,2014.0,0
CIC102021-9946,85.0,0,2,3.9,1.34,1.61,3,0.83,3.78,2,3.645,0.91,3,1.345,1.39,92.86,2019.0,2
CIC102021-9948,84.0,0,2,3.32,1.21,1.52,3,0.88,3.61,0,4.91,1.0,0,1.97,1.94,100.0,2019.0,0
CIC102021-9949,89.0,0,2,3.86,1.4,1.46,5,0.9,3.76,2,4.4,0.85,0,1.76,1.79,100.0,2019.0,2
CIC102021-9956,84.0,1,4,3.21,1.29,1.31,4,0.67,3.27,0,4.64,1.0,3,1.82,1.82,94.74,2020.0,0
CIC102021-9962,87.0,2,3,3.96,1.49,1.69,5,0.95,4.13,2,4.005,1.0,3,1.455,1.55,93.75,2014.0,4
CIC102021-9963,88.0,0,3,3.85,1.4,1.37,4,0.84,3.61,0,4.58,0.91,3,1.88,1.79,92.86,2020.0,0
CIC102021-9966,87.0,0,2,3.8,1.5,1.52,3,0.86,3.88,0,4.19,0.85,3,1.64,1.7,100.0,2019.0,2
CIC102021-9988,55.0,1,2,2.72,1.18,1.41,4,0.77,3.36,0,3.955,0.9625,3,1.82,1.1725,92.86,2020.0,0
CIC102021-9989,100.0,0,2,3.53,1.25,1.31,4,0.81,3.36,1,4.4,0.91,0,1.82,1.67,100.0,2021.0,0
CIC102021-9995,86.0,0,3,3.96,1.4,1.44,4,0.84,3.69,2,4.61,0.94,0,1.82,1.85,100.0,2020.0,0
CIC112020-8075,100.0,0,3,4.12,1.69,1.64,3,0.8,4.14,2,3.58125,0.88,2,1.445,1.25625,100.0,2018.0,2
CIC112020-8120,92.0,0,2,4.04,1.54,1.6,4,0.94,4.08,0,4.565,0.88,3,1.88,1.805,94.44,2019.0,0
CIC112020-8267,96.0,1,2,2.73,0.84,1.02,3,0.47,2.33,1,2.89,0.49,2,0.91,1.49,100.0,2019.0,0
CIC112021-10129,83.0,1,2,3.32,1.24,1.39,0,0.69,3.31,1,4.1,0.85,3,1.61,1.64,85.71,2021.0,4
CIC112021-10130,100.0,2,3,4.42,1.45,1.83,4,0.92,4.19,2,4.04,0.73,3,1.67,1.64,100.0,2019.0,2
CIC112021-10132,97.0,1,2,3.39,1.41,1.25,4,0.61,3.27,2,4.07,0.79,3,1.7,1.58,100.0,2021.0,3
CIC112021-10133,93.0,2,0,4.56,1.47,1.86,4,0.9,4.22,2,4.28,0.88,3,1.76,1.64,92.86,2020.0,2
CIC112021-10134,84.0,1,2,3.58,1.26,1.65,4,0.82,3.72,2,4.04,0.85,3,1.61,1.58,100.0,2021.0,4
CIC112021-10135,100.0,1,2,3.73,1.31,1.52,4,0.9,3.72,2,3.265,0.72,3,1.44,1.105,85.71,2019.0,4
CIC112021-10154,98.0,2,3,4.22,1.39,1.61,3,0.82,3.82,2,4.04,0.85,3,1.64,1.55,100.0,2021.0,2
CIC112021-10156,100.0,1,2,3.67,1.34,1.48,4,0.84,3.65,3,3.86,0.785,0,1.665,1.41,87.5,2020.0,4
CIC112021-10158,100.0,1,2,3.67,1.32,1.42,4,0.9,3.64,2,3.945,0.785,2,1.695,1.465,81.25,2021.0,4
CIC112021-10161,98.0,2,0,4.56,1.47,1.87,7,0.9,4.24,2,4.01,0.82,3,1.64,1.55,93.33,2022.0,2
CIC112021-10162,98.0,2,1,4.22,1.51,1.68,5,0.87,4.06,2,4.79,0.88,0,1.94,1.97,100.0,2015.0,4
CIC112021-10164,96.0,0,3,3.32,1.6,1.62,4,0.86,4.08,2,4.76,0.91,0,1.91,1.94,87.5,2021.0,4
CIC112021-10168,91.0,1,2,3.21,1.37,1.56,4,0.77,3.7,2,4.04,0.91,3,1.67,1.46,100.0,2020.0,4
CIC112021-10172,93.0,0,3,4.15,1.5,1.6,4,0.82,3.91,2,3.12,0.72,2,1.315,1.085,92.86,2020.0,4
CIC112021-10177,57.0,1,2,3.32,1.22,1.47,6,0.86,3.55,0,4.67,0.94,0,1.82,1.91,87.5,2021.0,4
CIC112021-10180,57.0,0,3,4.01,1.62,1.52,3,0.8,3.94,0,3.685,0.595,3,1.575,1.515,81.25,2021.0,3
CIC112021-10183,93.0,1,2,3.59,1.41,1.56,7,0.74,3.71,0,4.14,0.82,3,1.74,1.58,93.75,2019.0,4
CIC112021-10185,96.0,2,3,3.32,1.64,1.72,0,0.93,4.29,2,4.41,0.65,0,1.85,1.91,87.5,2021.0,4
CIC112021-10186,89.0,1,2,3.33,1.34,1.35,4,0.74,3.44,0,3.995,0.85,3,1.51,1.635,87.5,2019.0,0
CIC112021-10190,90.0,0,2,3.88,1.53,1.31,5,0.75,3.58,2,2.8875,0.6125,2,1.11125,1.16375,92.86,2019.0,3
CIC112021-10195,95.0,2,3,4.16,1.43,1.61,5,0.77,3.81,2,3.185,0.69,2,1.445,1.05,85.71,2018.0,4
CIC112021-10220,96.0,1,2,3.67,1.49,1.54,4,0.9,3.92,2,3.68,0.76,3,1.475,1.445,100.0,2018.0,4
CIC112021-10231,87.0,1,2,3.77,1.29,1.4,4,0.71,3.4,0,4.07,0.82,3,1.67,1.58,100.0,2021.0,4
CIC112021-10236,84.0,0,2,3.74,1.36,1.3,3,0.8,3.46,3,3.51,0.73,2,1.39,1.39,100.0,2021.0,3
CIC112021-10257,48.0,1,2,3.32,1.24,1.42,3,0.72,3.38,2,3.28625,0.58625,3,1.27375,1.42625,100.0,2021.0,0
CIC112021-10269,79.0,2,3,4.22,1.66,1.47,6,0.7,3.83,2,4.75,0.97,0,1.78,2.0,93.75,2017.0,3
CIC112021-10273,79.0,1,2,4.09,1.4,1.63,5,0.82,3.84,0,4.81,0.97,0,1.84,2.0,100.0,2022.0,0
CIC112021-10278,53.0,0,2,3.32,1.33,1.42,5,0.88,3.63,2,4.84,1.0,0,1.87,1.97,100.0,2022.0,0
CIC112021-10297,91.0,0,3,4.28,1.54,1.49,4,0.82,3.85,2,4.07,0.76,2,1.7,1.61,93.75,2015.0,4
CIC112021-10300,96.0,0,3,3.91,1.42,1.54,4,0.7,3.66,3,4.37,0.88,3,1.82,1.67,100.0,2012.0,4
CIC112021-10310,90.0,1,2,2.46,1.02,1.15,0,0.61,2.79,1,3.58,0.75,2,1.485,1.345,100.0,2021.0,0
CIC112021-10312,95.0,1,2,3.68,1.44,1.58,5,0.74,3.77,2,4.43,0.97,3,1.82,1.64,93.75,2017.0,4
CIC112021-10323,85.0,1,2,3.62,1.2,1.44,3,0.78,3.42,2,4.88,0.97,0,2.0,1.91,100.0,2019.0,4
CIC112021-10327,97.0,0,2,3.98,1.48,1.45,4,0.7,3.63,2,3.28,0.63,2,1.325,1.325,100.0,2020.0,3
CIC112021-10331,95.0,0,3,3.92,1.47,1.51,3,0.78,3.76,2,3.59,0.76,2,1.43,1.4,93.33,2020.0,3
CIC112021-10332,93.0,1,2,3.33,1.15,1.32,7,0.84,3.31,0,3.89,0.79,2,1.58,1.52,100.0,2020.0,0
CIC112021-10353,91.0,1,2,3.42,1.21,1.38,3,0.78,3.37,0,3.11,0.66,2,1.225,1.225,93.33,2018.0,3
CIC112021-10354,90.0,0,3,4.22,1.54,1.6,3,0.87,4.01,2,4.13,0.91,0,1.7,1.52,0.0,2021.0,2
CIC112021-10355,98.0,0,3,4.22,1.39,1.47,3,0.82,3.67,2,4.595,1.0,3,1.715,1.88,100.0,2020.0,3
CIC112021-10359,88.0,1,2,2.84,1.21,1.36,3,0.71,3.28,0,3.73,0.76,3,1.39,1.58,0.0,2021.0,0
CIC112021-10387,94.0,0,2,4.06,1.36,1.41,5,0.72,3.49,0,3.68,0.76,2,1.49,1.43,86.67,2022.0,3
CIC112021-10388,44.0,1,2,3.62,1.4,1.35,4,0.82,3.57,2,4.535,1.0,3,1.94,1.595,100.0,2019.0,0
CIC112021-10397,29.0,1,2,3.58,1.29,1.42,1,0.94,3.65,0,4.495,0.97,3,1.72,1.805,100.0,2020.0,4
CIC112021-10398,75.0,1,2,4.01,1.4,1.62,3,0.91,3.93,2,3.675,0.76,3,1.43,1.485,100.0,2020.0,0
CIC112021-10399,89.0,0,3,4.4,1.53,1.64,4,0.91,4.08,2,4.415,0.88,3,1.63,1.905,100.0,2021.0,4
CIC112021-10400,83.0,0,2,3.32,1.4,1.47,4,0.81,3.68,2,4.22,0.88,2,1.82,1.52,100.0,2021.0,2
CIC112021-10401,92.0,1,2,4.28,1.45,1.58,3,0.91,3.95,2,4.49,0.97,3,1.655,1.865,100.0,2020.0,4
CIC112021-10404,95.0,0,2,4.1,1.61,1.48,4,0.7,3.79,2,4.07,0.82,2,1.55,1.7,100.0,2021.0,3
CIC122020-1326,57.0,2,3,3.32,1.6,1.71,6,0.92,4.22,0,3.88,0.97,2,1.58,1.33,84.62,2019.0,4
CIC122020-7940,100.0,0,3,4.34,1.23,1.76,5,0.92,3.91,0,3.7225,0.91,2,1.575,1.2375,100.0,2020.0,0
CIC122020-7956,95.0,0,2,3.64,1.28,1.58,4,0.8,3.66,0,4.13,0.82,0,1.64,1.67,100.0,2020.0,1
CIC122020-7992,97.0,0,3,3.92,1.57,1.63,3,0.81,4.01,2,3.74,0.79,2,1.49,1.46,76.92,2020.0,4
CIC122020-8009,98.0,1,2,3.32,1.05,1.4,4,0.65,3.1,2,3.705,0.785,3,1.51,1.41,100.0,2020.0,0
CIC122020-8013,96.0,0,2,3.31,0.93,1.5,3,0.83,3.26,0,4.31,0.88,3,1.73,1.7,100.0,2020.0,0
CIC122020-8014,88.0,1,2,3.26,0.93,1.35,3,0.69,2.98,3,2.835,0.56,2,1.12,1.155,91.67,2020.0,0
CIC122020-8015,93.0,1,2,3.66,1.2,1.48,4,0.72,3.4,0,3.3,0.785,2,1.255,1.26,100.0,2019.0,1
CIC122020-8016,77.0,1,2,3.33,0.99,1.42,3,0.71,3.12,3,3.905,0.91,3,1.545,1.45,91.67,2019.0,0
CIC122020-8018,91.0,0,2,4.05,1.02,1.64,4,0.89,3.56,2,3.77625,0.76,2,1.665,1.35125,100.0,2016.0,0
CIC122020-8019,89.0,0,3,3.32,1.23,1.84,4,0.87,3.93,2,4.0475,0.85,2,1.73,1.4675,100.0,2020.0,0
CIC122020-8027,96.0,0,2,4.09,1.02,1.61,1,0.74,3.37,0,3.11,0.665,2,1.36,1.085,100.0,2020.0,0
CIC122020-8028,76.0,2,3,3.32,1.52,1.67,4,0.85,4.04,2,4.245,0.88,3,1.67,1.695,100.0,2020.0,4
CIC122020-8029,70.0,1,2,3.32,1.13,1.28,3,0.74,3.15,2,3.235,0.665,2,1.355,1.215,100.0,2019.0,2
CIC122020-8031,100.0,0,3,4.45,1.72,1.72,3,0.91,4.33,2,4.6625,1.0,3,1.82,1.8425,100.0,2020.0,4
CIC122020-8034,71.0,2,3,3.32,1.54,1.64,5,0.84,4.02,2,2.79,0.76,2,1.05,0.98,94.44,2020.0,4
CIC122020-8035,76.0,2,3,3.32,1.53,1.67,4,0.84,4.04,2,4.0325,0.85,3,1.6325,1.55,100.0,2019.0,4
CIC122020-8036,74.0,0,3,4.28,1.62,1.67,3,0.9,4.18,2,4.58,1.0,3,1.82,1.76,100.0,2016.0,4
CIC122020-8037,79.0,0,3,4.28,1.63,1.71,4,0.88,4.22,2,2.7125,0.595,2,1.1375,0.98,94.44,2020.0,4
CIC122020-8038,79.0,0,3,4.4,1.67,1.67,3,0.87,4.21,0,2.68625,0.665,2,1.18125,0.84,83.33,2020.0,4
CIC122020-8039,54.0,0,2,3.32,1.46,1.63,4,0.77,3.86,0,2.61125,0.595,2,1.28125,0.735,100.0,2019.0,4
CIC122020-8047,62.0,0,2,3.32,1.36,1.47,3,0.8,3.63,2,3.865,0.69,0,1.48,1.695,76.92,2019.0,1
CIC122020-8048,79.0,0,3,4.22,1.67,1.7,5,0.86,4.23,0,3.1,0.56,2,1.05,1.49,100.0,2020.0,4
CIC122020-8057,69.0,0,2,3.32,1.41,1.58,5,0.87,3.86,0,4.13,1.0,2,1.73,1.4,100.0,2020.0,1
CIC122020-8060,51.0,1,2,3.32,1.39,1.39,3,0.72,3.51,2,4.01,1.0,2,1.61,1.4,69.23,2019.0,1
CIC122020-8081,98.0,0,3,4.7,1.62,1.82,4,0.87,4.31,2,4.7375,1.0,0,1.91,1.8275,100.0,2018.0,1
CIC122020-8283,83.0,0,2,3.94,1.22,1.43,5,0.74,3.39,1,3.72,0.94,2,1.52,1.26,100.0,2020.0,0
CIC122020-8330,93.0,2,3,4.44,1.42,1.78,4,0.89,4.09,2,4.31,0.88,3,1.79,1.64,92.86,2020.0,2
CIC122020-8571,100.0,0,3,3.98,1.52,1.58,3,0.86,3.96,0,3.42,0.76,3,1.4,1.26,90.0,2020.0,0
CIC122021-10409,75.0,0,3,3.62,1.38,1.45,4,0.74,3.57,2,4.225,0.94,3,1.6,1.685,100.0,2019.0,3
CIC122021-10410,83.0,0,2,3.32,1.42,1.52,3,0.84,3.78,2,3.29,0.56875,0,1.35625,1.365,100.0,2018.0,2
CIC122021-10414,97.0,1,2,4.22,1.43,1.54,4,0.9,3.87,2,3.015,0.76,2,1.275,0.98,92.31,2021.0,4
CIC122021-10415,66.0,0,2,4.04,1.32,1.51,3,0.77,3.59,2,3.155,0.72,2,1.245,1.19,100.0,2017.0,2
CIC122021-10417,82.0,1,2,3.45,1.26,1.4,3,0.82,3.48,0,4.78,1.0,0,1.87,1.91,93.33,2021.0,0
CIC122021-10474,95.0,0,2,3.74,1.45,1.55,4,0.79,3.78,0,2.61625,0.5104166667,3,1.020833333,1.085,100.0,2017.0,4
CIC122021-10475,89.0,0,2,3.32,1.39,1.54,6,0.84,3.77,2,3.62,0.7,3,1.38,1.54,92.86,2020.0,4
CIC122021-10477,89.0,1,2,3.79,1.38,1.43,4,0.78,3.59,2,4.585,0.94,3,1.675,1.97,93.33,2021.0,3
CIC122021-10501,68.0,1,2,3.58,1.26,1.45,4,0.91,3.63,2,3.76,0.82,3,1.52,1.42,85.71,2019.0,4
CIC122021-10503,43.0,0,2,3.49,1.33,1.26,5,0.8,3.39,3,3.26,0.88,2,1.26,1.12,100.0,2018.0,0
CIC122021-10504,65.0,2,2,4.43,1.46,1.63,3,0.75,3.84,0,3.35,0.94,2,1.255,1.155,100.0,2018.0,3
CIC122021-10506,100.0,0,2,3.6,1.2,1.43,3,0.79,3.41,2,3.855,0.85,3,1.485,1.52,100.0,2019.0,3
CIC122021-10510,96.0,0,2,3.73,1.31,1.44,4,0.8,3.54,2,3.59,0.785,3,1.355,1.45,100.0,2018.0,3
CIC122021-10514,96.0,0,2,3.55,1.27,1.37,0,0.79,3.43,0,1.75,0.35,3,0.7,0.7,92.86,2019.0,3
CIC122021-10515,62.0,1,2,3.49,1.38,1.32,4,0.76,3.46,0,3.5,0.7,2,1.4,1.4,66.67,2019.0,2
CIC122021-10517,85.0,1,3,3.89,1.35,1.44,3,0.85,3.63,0,2.94,0.7,2,1.26,0.98,100.0,2018.0,4
CIC122021-10524,86.0,0,2,3.8,1.43,1.46,0,0.78,3.67,2,3.195,0.85,2,1.225,1.12,100.0,2020.0,3
CIC122021-10525,77.0,0,2,3.89,1.24,1.48,4,0.82,3.54,2,3.58,0.845,2,1.475,1.26,100.0,2016.0,0
CIC122021-10526,92.0,2,3,4.27,1.49,1.55,4,0.83,3.87,0,3.58,0.88,2,1.505,1.195,50.0,2018.0,3
CIC122021-10529,100.0,0,2,4.34,1.51,1.62,4,0.87,4.0,2,4.4,0.97,0,1.73,1.7,100.0,2017.0,3
CIC122021-10531,93.0,0,2,3.92,1.36,1.62,5,0.82,3.8,2,3.94,0.85,3,1.575,1.515,93.33,2020.0,2
CIC122021-10532,100.0,0,2,4.04,1.21,1.4,3,0.81,3.42,0,3.3975,0.91,2,1.26,1.2275,100.0,2019.0,0
CIC122021-10533,75.0,1,2,3.32,1.22,1.43,3,0.81,3.46,2,3.56,0.82,3,1.415,1.325,100.0,2020.0,3
CIC122021-10534,84.0,2,3,3.32,1.48,1.67,4,0.96,4.11,2,4.035,0.91,3,1.64,1.485,100.0,2020.0,4
CIC122021-10537,96.0,0,2,3.65,1.2,1.38,4,0.73,3.32,0,3.98,0.91,3,1.55,1.52,100.0,2019.0,0
CIC122021-10538,40.0,1,2,3.32,1.33,1.4,6,0.76,3.49,2,3.02375,0.88,2,1.19,0.95375,100.0,2019.0,0
CIC122021-10540,60.0,0,2,3.72,1.38,1.58,4,0.76,3.72,0,3.32125,0.88,2,1.26,1.18125,100.0,2018.0,0
CIC122021-10541,88.0,0,3,3.66,1.35,1.46,3,0.7,3.51,2,3.465,0.76,3,1.325,1.38,100.0,2020.0,0
CIC122021-10548,46.0,1,2,3.32,1.09,1.56,3,0.82,3.47,2,3.915,0.85,3,1.64,1.425,100.0,2021.0,2
CIC122021-10551,85.0,0,3,3.35,1.27,1.42,4,0.73,3.42,2,3.97,0.79,2,1.76,1.42,92.31,2021.0,0
CIC122021-10599,85.0,0,2,3.74,1.13,1.42,3,0.67,3.22,2,2.95,0.69,2,1.35,0.91,80.0,2018.0,2
CIC122021-10600,92.0,0,2,3.99,1.31,1.52,3,0.75,3.58,0,4.04,0.7,3,1.52,1.82,100.0,2019.0,0
CIC122021-10602,100.0,0,3,3.82,1.45,1.5,8,0.87,3.82,2,3.9475,1.0,2,1.64,1.3075,100.0,2022.0,0
CIC122021-10603,36.0,1,2,3.32,1.23,1.47,4,0.82,3.52,2,3.7,0.82,3,1.42,1.46,100.0,2018.0,2
CIC122021-10604,98.0,1,2,3.39,1.21,1.55,4,0.83,3.58,2,3.145,0.785,3,1.35,1.01,93.33,2018.0,2
CIC122021-10622,34.0,0,3,3.32,1.54,1.76,3,0.9,4.2,2,4.43,0.91,3,1.82,1.7,100.0,2021.0,2
CIC122021-10623,80.0,0,3,4.16,1.38,1.69,3,0.84,3.91,2,4.87,1.0,3,1.87,2.0,100.0,2019.0,2
CIC122021-10628,77.0,0,2,3.32,1.39,1.57,0,0.81,3.76,2,3.4375,0.7725,2,1.47,1.195,100.0,2021.0,4
CIC122021-10630,98.0,0,3,4.34,1.47,1.58,3,0.95,4.0,0,4.095,0.88,0,1.67,1.545,100.0,2021.0,4
CIC122021-10632,80.0,0,2,3.61,1.29,1.49,4,0.77,3.55,3,3.505,0.73,2,1.525,1.25,71.43,2019.0,0
CIC122021-10634,63.0,0,2,3.89,1.34,1.61,3,0.94,3.89,0,3.455,0.81,3,1.4,1.245,93.75,2020.0,4
CIC122021-10637,83.0,0,2,3.41,1.37,1.39,4,0.72,3.47,3,3.3025,0.7725,2,1.435,1.095,91.67,2021.0,3
CIC122021-10639,37.0,2,3,3.32,1.48,1.82,3,0.88,4.18,0,4.49,0.94,0,1.76,1.79,100.0,2022.0,0
CIC122021-10640,27.0,0,2,3.32,1.2,1.6,4,0.84,3.64,2,4.75,1.0,3,1.81,1.94,100.0,2020.0,2
CIC122021-10644,17.0,1,2,3.56,1.38,1.49,4,0.8,3.67,2,4.645,1.0,3,1.8025,1.8425,80.0,2017.0,4
CIC122021-10645,100.0,0,2,4.02,1.5,1.63,3,0.89,4.02,2,3.28875,0.78,2,1.31375,1.195,100.0,2019.0,4
CIC122021-10646,87.0,0,3,3.77,1.44,1.5,5,0.75,3.69,2,3.615,0.81,2,1.47,1.335,91.67,2019.0,3
CIC122021-10668,93.0,0,3,3.32,1.41,1.61,3,0.81,3.84,3,4.34,0.94,3,1.85,1.55,100.0,2018.0,4
CIC122021-10673,98.0,0,2,3.86,1.42,1.55,5,0.8,3.77,2,3.059583333,0.7333333333,2,1.27875,1.0475,100.0,2019.0,4
CIC122021-10677,93.0,0,2,3.71,1.3,1.45,3,0.72,3.48,3,4.4375,1.0,3,1.69,1.7475,81.25,2021.0,4
CIC122021-10678,50.0,1,2,3.41,1.44,1.42,3,0.82,3.68,0,3.92,0.91,0,1.67,1.34,100.0,2016.0,0
CIC122021-10683,92.0,0,2,4.0,1.41,1.42,3,0.67,3.49,3,3.3025,0.735,2,1.44,1.1275,100.0,2017.0,3
CIC122021-10684,96.0,0,2,3.49,1.26,1.38,4,0.9,3.53,0,4.13,0.85,3,1.7,1.58,100.0,2017.0,0
CIC122021-10686,100.0,0,2,3.98,1.39,1.46,3,0.85,3.7,2,4.43,0.94,3,1.91,1.58,93.33,2022.0,0
CIC122021-10690,29.0,1,2,3.44,1.37,1.4,4,0.84,3.61,0,4.205,0.94,3,1.695,1.57,100.0,2016.0,4
CIC122021-10700,98.0,0,3,4.15,1.51,1.7,3,0.94,4.15,0,4.31,0.85,2,1.82,1.64,64.29,2013.0,4
CIC032022-11405,94.0,1,2,2.65,0.79,1.33,7,0.76,2.88,1,2.63,0.785,2,1.005,0.84,93.33,2020.0,0
CIC032022-11409,69.0,0,3,3.56,1.4,1.48,3,0.73,3.6,2,3.03,0.88,2,1.17,0.98,73.33,2021.0,0
CIC032022-11444,92.0,0,3,3.87,1.34,1.64,5,0.84,3.82,0,3.76,0.85,2,1.545,1.365,100.0,2021.0,4
CIC032022-11547,71.0,0,2,3.81,1.35,1.52,4,0.53,3.39,0,3.73,0.82,2,1.545,1.365,100.0,2019.0,2
CIC032022-11437,96.0,0,2,4.23,1.56,1.57,2,0.68,3.81,2,3.73,0.725,3,1.57,1.435,100.0,2021.0,2
CIC032022-11449,98.0,0,3,4.18,1.54,1.65,4,0.88,4.06,2,4.315,0.94,3,1.76,1.615,84.62,2019.0,4
CIC032022-11578,93.0,0,3,4.11,1.53,1.62,4,0.91,4.06,2,4.195,0.94,3,1.7,1.555,84.62,2019.0,4
CIC032022-11573,100.0,2,3,4.4,1.8,1.67,2,0.85,4.32,2,4.255,0.94,3,1.76,1.555,92.31,65.0,4
CIC032022-11493,80.0,2,3,4.46,1.85,1.69,2,0.83,4.37,2,4.185,0.88,3,1.76,1.545,92.31,72.0,4
CIC032022-11561,74.0,0,3,3.92,1.37,1.43,5,0.75,3.54,0,3.455,0.82,2,1.445,1.19,92.86,2016.0,3
CIC022022-11249-BL,95.0,0,3,4.04,1.38,1.52,3,0.87,3.77,2,4.7,1.0,3,2.0,1.7,100.0,2019.0,4
CIC022022-11252-BL,97.0,0,3,3.92,1.39,1.55,3,0.69,3.61,2,4.64,1.0,3,2.0,1.64,100.0,2019.0,4
CIC022022-11253-BL,95.0,0,3,4.04,1.38,1.54,3,0.78,3.69,2,4.67,1.0,3,2.0,1.67,100.0,2019.0,4
CIC032022-11371-BL,97.0,0,2,4.1,1.46,1.6,6,0.85,3.9,2,3.71,0.7,3,1.46,1.55,86.67,2019.0,4
CIC022022-11246-BL,98.0,1,2,3.41,1.33,1.43,4,0.67,3.43,2,3.52,0.7,3,1.43,1.39,93.33,2020.0,4
CIC022022-11257-BL,98.0,1,2,3.85,1.37,1.51,3,0.71,3.59,2,3.53,0.7,3,1.4,1.43,46.67,2019.0,4
CIC032022-11425,83.0,2,3,4.12,1.42,1.58,4,0.82,3.83,0,3.92,0.76,2,1.58,1.58,100.0,2016.0,0
CIC032022-11590,99.0,2,3,4.12,1.55,1.58,3,0.84,3.97,0,3.215,0.785,2,1.21,1.22,93.33,2020.0,0
CIC032022-11541,95.0,1,2,3.33,1.3,1.31,4,0.83,3.44,2,3.785,0.845,3,1.545,1.395,100.0,2020.0,2
CIC032022-11646,100.0,2,3,3.98,1.58,1.63,4,0.84,4.05,2,3.88,0.82,3,1.61,1.45,100.0,2015.0,3
CIC032022-11662,94.0,0,2,3.79,1.47,1.44,4,0.7,3.6,2,3.28,0.85,2,1.245,1.185,100.0,2019.0,2
CIC042022-11665,74.0,1,2,3.01,1.17,1.29,4,0.67,3.12,1,1.96,0.56,4,0.7,0.7,81.25,2021.0,3
CIC032022-11565,96.0,2,3,3.8,1.48,1.47,4,0.74,3.69,0,4.175,0.85,3,1.76,1.565,100.0,2019.0,3
CIC032022-11586,100.0,2,3,3.8,1.51,1.5,4,0.73,3.74,0,3.86,0.91,0,1.475,1.475,100.0,2016.0,3
CIC032022-11574,100.0,2,3,3.92,1.51,1.55,4,0.75,3.81,2,3.58,0.82,2,1.38,1.38,100.0,2021.0,3
CIC032022-11558,73.0,2,3,4.34,1.57,1.54,4,0.94,4.05,0,3.43,0.82,2,1.37,1.24,92.86,2018.0,3
CIC042022-11668,89.0,2,3,4.16,1.62,1.65,7,0.87,4.14,2,4.63,1.0,3,2.0,1.63,100.0,2018.0,3
CIC032022-11635,100.0,2,3,4.28,1.6,1.66,3,0.78,4.04,0,4.075,0.94,0,1.6,1.535,100.0,2019.0,3
CIC032022-11458,92.0,1,2,3.39,1.05,1.41,5,0.96,3.41,0,3.9,0.82,3,1.64,1.44,100.0,2020.0,0
CIC042022-11763,92.0,1,2,3.44,1.05,1.39,4,0.94,3.37,0,4.62,0.94,3,1.94,1.74,86.67,2016.0,0
CIC032022-11347,98.0,0,3,4.08,1.44,1.76,3,0.8,4.0,0,2.91,0.88,2,1.12,0.91,85.71,2018.0,0
CIC032022-11595,56.0,1,2,2.94,0.94,1.32,4,0.7,2.96,1,3.69,0.91,0,1.47,1.31,93.33,2020.0,0
CIC042022-11698,98.0,1,3,3.56,0.99,1.3,4,0.93,3.22,2,4.21,0.82,3,1.83,1.56,100.0,2021.0,0
CIC042022-11669,94.0,0,3,4.03,1.57,1.55,3,0.83,3.95,2,4.49,0.94,0,1.88,1.67,100.0,2018.0,0
CIC032022-11629,92.0,0,3,4.08,1.54,1.63,2,0.84,4.01,2,2.875,0.75,2,1.25,0.875,71.43,2021.0,4
CIC032022-11643,98.0,0,3,4.15,1.51,1.7,4,0.94,4.15,2,4.125,0.82,3,1.7,1.605,85.71,2018.0,4
CIC032022-11657,94.0,0,3,3.64,1.48,1.48,3,0.81,3.77,2,3.6925,0.88,3,1.64,1.1725,85.71,2017.0,4
CIC032022-11652,100.0,0,3,4.21,1.52,1.69,3,0.98,4.19,2,4.05,0.88,3,1.7,1.47,85.71,2017.0,4
CIC032022-11445,92.0,0,3,3.75,1.54,1.65,4,0.74,3.92,2,4.12,0.85,2,1.73,1.54,100.0,2018.0,4
CIC042022-11736-BL,72.0,0,2,3.67,1.37,1.38,5,0.74,3.49,2,4.5575,1.0,1,1.775,1.7825,100.0,2014.0,3
CIC042022-11741-BL,72.0,0,2,4.1,1.63,1.58,3,0.84,4.05,2,4.595,1.0,0,1.775,1.82,100.0,2021.0,3
CIC032022-11395-BL,72.0,0,2,3.92,1.5,1.5,3,0.79,3.79,2,4.475,0.97,0,1.655,1.85,84.62,2017.0,3
CIC042022-11742-BL,78.0,0,2,4.03,1.61,1.64,4,0.75,4.0,2,4.06,0.97,3,1.51,1.58,100.0,2018.0,3
CIC042022-11750-BL,78.0,0,2,4.02,1.69,1.65,4,0.77,4.12,2,4.015,0.97,3,1.465,1.58,100.0,2018.0,3
CIC122021-10588-BL,99.0,0,2,3.74,1.38,1.4,6,0.75,3.53,2,4.255,0.97,3,1.57,1.715,85.71,2019.0,3
CIC032022-11529-BL,77.0,0,2,3.54,1.47,1.47,4,0.72,3.66,2,3.86,0.7,2,1.73,1.43,100.0,2016.0,3
CIC032022-11508-BL,95.0,1,2,3.14,1.38,1.34,4,0.68,3.41,2,3.90875,0.88,2,1.7,1.32875,90.91,2018.0,3
CIC042022-11735-BL,95.0,0,2,3.42,1.4,1.47,2,0.7,3.58,2,3.7625,0.81,3,1.44,1.5125,76.92,2019.0,3
CIC042022-11743-BL,72.0,0,2,3.56,1.46,1.48,2,0.73,3.67,2,4.095,0.97,3,1.5,1.625,100.0,2018.0,3
CIC042022-11727,91.0,0,2,3.8,1.47,1.48,3,0.8,3.75,2,4.26,0.82,3,1.76,1.68,100.0,2019.0,2
CIC022022-11165,64.0,1,2,3.34,1.14,1.34,4,0.72,3.2,1,3.97,0.74,3,1.82,1.41,85.71,2020.0,2
CIC042022-11712,73.0,0,2,3.54,1.31,1.44,2,0.8,3.55,0,4.5,0.94,3,1.88,1.68,100.0,2019.0,2
CIC042022-11779,79.0,0,3,4.12,1.52,1.47,2,0.93,3.92,0,4.12,0.94,3,1.64,1.54,100.0,2020.0,4
CIC042022-11819,99.0,0,3,4.37,1.51,1.58,3,0.95,4.03,2,3.555,0.76,3,1.43,1.365,100.0,2021.0,4
CIC042022-11827,58.0,0,2,3.35,1.22,1.44,2,0.73,3.39,0,3.745,0.82,2,1.52,1.405,92.86,2021.0,0
CIC042022-11868,78.0,0,3,4.03,1.4,1.49,2,0.85,3.74,0,2.80875,0.525,3,1.19,1.09375,100.0,2021.0,4
CIC042022-11834,66.0,1,4,3.22,1.3,1.35,3,0.72,3.37,1,3.6425,0.76,2,1.57,1.3125,100.0,2021.0,4
CIC042022-11838,81.0,0,3,4.02,1.39,1.5,3,0.76,3.66,0,3.485,0.82,2,1.58,1.085,92.86,2020.0,4
CIC042022-11869,81.0,0,3,4.25,1.41,1.52,2,0.9,3.83,0,2.8525,0.56,3,1.12,1.1725,100.0,2021.0,4
CIC042022-11875,100.0,1,2,3.43,1.3,1.39,4,0.7,3.39,0,2.81,0.595,3,1.12,1.09375,100.0,2015.0,4
CIC032022-11440,100.0,0,3,3.94,1.4,1.45,4,0.81,3.66,2,4.85,1.0,3,2.0,1.85,91.67,2017.0,4
CIC042022-11817,80.77,0,2,3.87,1.4,1.45,4,0.89,3.74,0,3.47,0.7,3,1.4,1.365,100.0,2019.0,4
CIC032022-11555,86.76,1,2,3.57,1.37,1.48,2,0.7,3.54,0,2.48,0.525,3,0.98,0.97125,100.0,2016.0,4
CIC042022-11730,95.31,0,2,4.12,1.59,1.64,4,0.77,4.0,2,3.47,0.7,0,1.4,1.365,100.0,2018.0,2
CIC042022-11831,92.19,0,2,3.91,1.56,1.52,4,0.72,3.8,2,3.43,0.7,2,1.4,1.33,91.67,2016.0,2
CIC042022-11842,58.49,0,2,3.74,1.42,1.42,4,0.73,3.58,0,1.82,0.35,4,0.77,0.7,100.0,2019.0,2
CIC042022-11906,82.81,0,2,3.54,1.39,1.47,3,0.77,3.63,2,4.03,0.7,3,1.75,1.58,100.0,2020.0,2
CIC042022-11784,98.44,0,3,4.22,1.71,1.69,4,0.87,4.27,2,4.14,0.845,3,1.725,1.57,92.86,2019.0,2
CIC042022-11917,96.88,0,3,4.34,1.72,1.73,4,0.84,4.29,2,3.7,0.91,2,1.505,1.28,85.71,2018.0,2
CIC052022-11943,92.19,0,2,4.1,1.49,1.62,3,0.83,3.94,2,3.9,0.88,3,1.64,1.38,93.33,2021.0,2
CIC112021-10403,69.35,2,3,4.46,1.5,1.51,4,0.83,3.83,2,3.7,0.85,2,1.55,1.295,73.33,2021.0,3
CIC042022-11883,85.48,0,2,3.73,1.49,1.24,4,0.74,3.47,0,2.8,0.455,2,1.26,1.085,100.0,2019.0,3
CIC052022-11987,88.33,0,2,3.61,1.29,1.6,4,0.83,3.71,0,3.36,0.7,2,1.33,1.33,92.31,2019.0,2
CIC042022-11782,86.67,0,3,4.02,1.37,1.6,3,0.82,3.79,2,4.15,0.88,3,1.7,1.57,100.0,2019.0,0
CIC032022-11491,98.25,0,2,3.16,1.34,1.48,1,0.93,3.91,0,3.61,0.88,2,1.6875,1.04,64.29,2021.0,0
CIC042022-11777,60.0,0,3,3.74,1.2,1.48,4,0.79,3.47,0,3.54,0.85,2,1.57,1.115,57.14,2019.0,0
CIC052022-12006,85.0,1,2,3.72,1.29,1.6,5,0.79,3.68,2,4.13,0.88,3,1.76,1.485,100.0,2022.0,0
CIC052022-11986,78.33,1,2,3.29,1.23,1.52,4,0.75,3.5,0,4.05,0.88,3,1.76,1.41,92.86,2020.0,0
CIC052022-11951,81.67,1,2,3.48,1.23,1.5,4,0.69,3.43,0,4.05,0.88,3,1.76,1.41,100.0,2018.0,0
CIC052022-11999,85.0,0,3,3.67,1.31,1.56,4,0.81,3.68,2,4.05,0.88,3,1.76,1.41,100.0,2019.0,0
CIC052022-12005,83.33,2,3,4.2,1.55,1.65,1,0.86,4.06,2,3.72,0.74,3,1.64,1.335,100.0,2020.0,0
CIC052022-11930,87.3,0,3,3.68,1.42,1.45,4,0.75,3.61,2,4.08,0.88,2,1.565,1.63,100.0,2019.0,0
CIC042022-11697,71.43,0,3,3.5,1.37,1.45,0,0.79,3.6,0,4.05,0.88,3,1.76,1.41,85.71,2020.0,0
CIC052022-11953,95.24,1,2,3.34,1.38,1.38,3,0.75,3.51,3,3.27,0.85,3,1.305,1.115,100.0,2019.0,0
CIC052022-11937,93.65,1,2,3.34,1.32,1.37,4,0.73,3.42,2,3.14,0.85,3,1.21,1.08,100.0,2020.0,0
CIC052022-12050,100.0,0,3,3.5,1.4,1.38,3,0.78,3.56,2,4.33,0.94,3,1.66,1.73,92.31,2021.0,0
CIC052022-12043,87.27,0,3,4.04,1.86,1.48,2,0.75,4.09,2,3.84,0.69,3,1.575,1.57,100.0,2019.0,4
CIC052022-12034,87.3,1,2,3.33,1.31,1.38,3,0.72,3.41,0,3.26,0.69,2,1.25,1.315,84.62,2021.0,0
CIC052022-11959,98.28,0,3,4.1,1.59,1.48,3,0.77,3.84,0,3.91,0.85,0,1.34,1.7225,100.0,2018.0,3
CIC052022-12010,98.28,0,3,4.16,1.6,1.48,4,0.78,3.86,2,4.27,0.905,3,1.76,1.605,100.0,2019.0,3
CIC052022-12068,98.28,0,3,3.86,1.58,1.45,4,0.75,3.79,2,3.23,0.73,3,1.28,1.215,85.71,2019.0,3
CIC052022-11957,100.0,1,2,2.86,0.95,1.25,4,0.71,2.9,1,2.19,0.55625,4,0.7583333333,0.875,92.31,2021.0,3
CIC052022-11929,100.0,0,3,4.06,1.5,1.68,3,0.77,3.95,2,3.7,0.88,3,1.43,1.39,93.33,2021.0,4
CIC052022-12003,45.98,0,2,3.91,1.47,1.51,0,0.78,3.76,2,3.65,0.7,2,1.4,1.55,100.0,2020.0,4
CIC052022-12100,94.12,0,3,4.0,1.49,1.57,5,0.77,3.83,2,4.23,0.97,3,1.73,1.53,93.33,2020.0,4
CIC052022-12091,97.06,0,3,4.0,1.52,1.58,3,0.75,3.85,2,3.8,0.75,3,1.605,1.44,93.33,2020.0,4
CIC052022-12093,97.06,0,3,4.07,1.52,1.58,3,0.74,3.84,0,3.93,0.88,2,1.79,1.26,84.62,2020.0,4
CIC052022-12077,100.0,0,3,4.21,1.63,1.6,4,0.94,4.17,2,3.33,0.79,3,1.35,1.185,64.29,2020.0,4
CIC042022-11678,93.55,1,2,3.8,1.44,1.62,3,0.76,3.82,2,3.5,0.7,2,1.4,1.4,93.75,2019.0,4
CIC042022-11841,84.75,1,2,3.78,1.51,1.52,4,0.76,3.79,3,3.52,0.82,2,1.58,1.12,85.71,2018.0,4
CIC052022-12089,95.16,0,3,4.04,1.43,1.59,4,0.79,3.81,0,3.36,0.755,3,1.32,1.28,93.33,2017.0,4
CIC052022-12085,95.16,1,2,3.8,1.5,1.56,4,0.94,4.0,2,4.41,0.94,3,1.76,1.71,100.0,2019.0,4
CIC012022-10872,83.87,0,3,4.22,1.59,1.56,6,0.98,4.13,0,4.39,0.91,3,1.88,1.6,100.0,2019.0,4
CIC052022-12146,63.33,0,3,3.9,1.22,1.6,6,0.9,3.72,2,4.2,0.88,3,1.7,1.615,100.0,2019.0,0
CIC052022-12153,98.33,1,2,3.49,1.18,1.56,4,0.82,3.56,2,4.08,0.82,3,1.64,1.615,100.0,2021.0,0
CIC052022-12104,81.67,0,3,3.98,1.33,1.6,5,0.86,3.78,0,3.74,0.61,3,1.805,1.3225,100.0,2019.0,0
CIC052022-12148,91.67,0,3,3.92,1.32,1.54,5,0.86,3.72,2,4.08,0.82,3,1.64,1.615,86.67,2020.0,0
CIC052022-12099,91.38,1,2,3.98,1.5,1.57,2,0.83,3.89,0,3.74,0.61,3,1.805,1.3225,100.0,2020.0,0
CIC062022-12166,88.24,0,3,4.22,1.59,1.71,7,0.74,4.04,2,4.44,1.0,0,1.66,1.7825,100.0,2018.0,4
CIC052021-8582,91.18,0,3,4.16,1.54,1.55,4,0.74,3.84,2,3.04,0.82,2,1.18,1.04,93.33,2020.0,4
CIC042022-11757,86.67,1,3,3.25,1.18,1.36,9,0.63,3.17,1,3.25,0.75,2,1.28,1.215,76.92,2017.0,4
CIC062022-12218,88.0,1,2,3.57,1.28,1.35,4,0.77,3.4,0,3.47,0.7,3,1.365,1.4,100.0,2018.0,0
CIC052022-12035,92.0,1,2,3.65,1.41,1.57,5,0.81,3.79,0,3.63,0.79,2,1.51,1.325,85.71,2017.0,0
CIC062022-12178,83.33,2,3,4.46,1.65,1.72,2,0.89,4.26,2,3.78,0.75,2,1.64,1.385,85.71,2019.0,0
CIC052022-11947,100.0,0,3,4.28,1.74,1.66,4,0.88,4.28,2,4.16,0.82,2,1.635,1.7,92.86,2018.0,0
CIC062022-12180,91.23,0,2,3.38,1.14,1.4,4,0.85,3.6,0,3.69,0.815,2,1.58,1.29,78.57,2021.0,0
CIC052022-11979,98.0,1,2,3.73,1.44,1.55,3,0.95,3.94,2,4.16,0.91,2,1.67,1.58,92.86,2020.0,0
CIC062022-12157,100.0,0,3,4.14,1.31,1.43,1,0.93,3.84,0,3.72,0.82,2,1.575,1.32,92.86,2019.0,0
CIC062022-12157,100.0,0,3,4.14,1.305714286,1.428571429,1,0.9314285714,3.84,2,3.72,0.82,2,1.58,1.32,92.86,2019.0,0
CIC062022-12227,100.0,0,3,4.34,1.6875,1.59,4,0.94,4.22,2,4.05,0.85,3,1.64,1.56,100.0,2018.0,0
CIC052022-11948,100.0,1,2,3.92,1.511111111,1.611111111,4,0.7733333333,3.9,2,3.9,1.0,3,1.35,1.56,92.31,2017.0,3
CIC052022-11965,70.97,1,2,3.36,1.4875,1.49,4,0.76,3.74,2,3.87,0.97,0,1.38,1.52,100.0,2018.0,3
CIC052022-12092,90.32,0,2,4.16,1.537,1.419,3,0.9025,3.86,2,3.51,0.68,3,1.51,1.32,92.86,2021.0,3
CIC062022-12167,100.0,0,2,4.11,1.377142857,1.484285714,2,0.625,3.49,1,3.39,0.7,2,1.4,1.29,100.0,2021.0,3
CIC052022-12109,75.81,2,3,4.505,1.7075,1.6475,4,0.86875,4.22,2,3.47,0.7,3,1.4,1.37,91.67,2020.0,3
CIC062022-12159,75.81,2,3,4.505,1.73,1.655,4,0.85,4.24,2,4.11,0.91,3,1.67,1.53,100.0,2019.0,3
CIC062022-12210,98.39,0,2,3.98,1.568,1.564,3,0.70375,3.84,2,3.47,0.7,3,1.4,1.37,91.67,2017.0,3
CIC052022-12117,44.07,0,3,3.73,1.61,1.375,2,0.7,3.69,2,4.29,0.94,3,1.73,1.62,85.71,2022.0,2
CIC052022-12121,88.1,0,2,3.7725,1.515714286,1.481428571,1,0.55,3.55,0,3.4,0.655,2,1.33,1.42,92.86,2018.0,3
CIC112021-10232,85.0,1,2,3.67,1.258333333,1.568333333,2,0.83,3.66,2,3.19,0.59,3,1.32,1.29,86.67,2019.0,0
CIC062022-12179,64.15,0,2,3.74,1.328,1.452,1,0.696,3.48,0,3.5,0.79,2,1.57,1.15,78.57,2019.0,2
